endpoint,task,arm,iteration,overall,snapshot_sha256,check,requested_blocking,blocking,status,requirement,source_count,sources,source_status,source_evidence,source_entails_expected,checker_matches_requirement,checker_reproducible,environment_healthy,interpretation,execution_mode,execution_reason,command,evidence,observed,expected,analysis
verifier_v13_sse_label_canary,business_finance__sse_northbound_programmatic_trading_01,prep_verifier,0,error,0b8094d13a909fd6ff385e18d22636c4fcd942f138d83a06d7323892701c04d6,research_answers_contract,True,True,pass,"The deliverable must be output/research_answers.json, must be valid JSON, must contain all three required question keys and all four required fields for each question, and every conclusion must be exactly Yes, No, or Unknown.",5,"[{""locate_evidence"": ""quote and locator found"", ""located"": true, ""locator"": ""lines:16-25"", ""path"": ""input/task_brief.md"", ""quote"": ""## Deliverable\n\nWrite exactly one JSON file to `output/research_answers.json`.\n\nFor each question, provide:\n\n- `conclusion`: exactly `Yes`, `No`, or `Unknown`\n- `citation_document`: exact Simplified Chinese document name\n- `evidence_snippet`: exact Simplified Chinese excerpt copied from the staged materials\n- `answer_text`: short English explanation"", ""sha256"": ""c0d60c4a2d12c905edd06cfb03fee1ca8b1a9e3c4f1a44f56564db59b0ece91f""}, {""locate_evidence"": ""quote and locator found"", ""located"": true, ""locator"": ""/required_file"", ""path"": ""input/output_contract.json"", ""quote"": ""\""research_answers.json\"""", ""sha256"": ""1c67db889dd2a433993bfba00894ad063729c9762f1d1e50aaa36cbe0de9f873""}, {""locate_evidence"": ""quote and locator found"", ""located"": true, ""locator"": ""/required_top_level_keys"", ""path"": ""input/output_contract.json"", ""quote"": ""[\n    \""q1_multi_broker_reporting\"",\n    \""q2_hft_cost_calculation\"",\n    \""q3_software_naming\""\n  ]"", ""sha256"": ""1c67db889dd2a433993bfba00894ad063729c9762f1d1e50aaa36cbe0de9f873""}, {""locate_evidence"": ""quote and locator found"", ""located"": true, ""locator"": ""/required_fields_per_question"", ""path"": ""input/output_contract.json"", ""quote"": ""[\n    \""conclusion\"",\n    \""citation_document\"",\n    \""evidence_snippet\"",\n    \""answer_text\""\n  ]"", ""sha256"": ""1c67db889dd2a433993bfba00894ad063729c9762f1d1e50aaa36cbe0de9f873""}, {""locate_evidence"": ""quote and locator found"", ""located"": true, ""locator"": ""/allowed_conclusions"", ""path"": ""input/output_contract.json"", ""quote"": ""[\n    \""Yes\"",\n    \""No\"",\n    \""Unknown\""\n  ]"", ""sha256"": ""1c67db889dd2a433993bfba00894ad063729c9762f1d1e50aaa36cbe0de9f873""}]",supported,"input/task_brief.md, Deliverable lines 16-25, requires exactly one JSON file at output/research_answers.json and specifies the four fields and the exact conclusion enumeration. input/output_contract.json identifies research_answers.json, the three required top-level keys, the four required fields, and allowed conclusions Yes, No, and Unknown. The public materials do not state that additional non-JSON files, additional top-level members, or additional per-question members are forbidden.",True,True,True,True,"The checker recursively counts JSON files under VERIFIER_OUTPUT, requires research_answers.json to be the sole JSON file, parses it, verifies all required keys and fields, verifies that field values are strings, and checks conclusion membership in the expressly allowed enumeration. It does not prohibit non-JSON ancillary files or additional JSON members because the public contract does not expressly forbid them.",public_recompute,No public task-native validator or software is staged. The JSON contract can be checked directly and deterministically with Python's standard library.,"[""python3"", ""research_answers_contract.py""]","command: python3 research_answers_contract.py; consecutive_runs: 2 identical; stderr: <empty>; [{""file"":""research_answers.json"",""questions_checked"":[""q1_multi_broker_reporting"",""q2_hft_cost_calculation"",""q3_software_naming""]}]","{'error_count': 0, 'json_files': ['research_answers.json']}","The checker prints status ""pass"" only when exactly one output JSON file exists, it is research_answers.json, it parses as a JSON object, all three required question objects and four required string fields are present, and each conclusion is one of Yes, No, or Unknown.",null
verifier_v13_sse_label_canary,business_finance__sse_northbound_programmatic_trading_01,prep_verifier,0,error,0b8094d13a909fd6ff385e18d22636c4fcd942f138d83a06d7323892701c04d6,q1_citation_excerpt_provenance,True,False,unverifiable,"For q1, citation_document must be an exact Simplified Chinese source-document name relied on, and evidence_snippet must be an exact Simplified Chinese excerpt copied from that staged source.",4,"[{""locate_evidence"": ""quote and locator found"", ""located"": true, ""locator"": ""/questions/0"", ""path"": ""input/question_set.json"", ""quote"": ""{\n      \""key\"": \""q1_multi_broker_reporting\"",\n      \""question\"": \""Does a Hong Kong investor with three Northbound accounts under one LEI need to report leverage scale separately through each broker?\"",\n      \""allowed_conclusions\"": [\n        \""Yes\"",\n        \""No\"",\n        \""Unknown\""\n      ]\n    }"", ""sha256"": ""95f0c98b68c9bca2a4a117992b5cc881e501f73e24fa672da48ccf71c1482476""}, {""locate_evidence"": ""quote and locator found"", ""located"": true, ""locator"": ""/1/citation_aliases"", ""path"": ""input/document_manifest.json"", ""quote"": ""[\n      \""\u300a\u4e0a\u6d77\u8bc1\u5238\u4ea4\u6613\u6240\u6caa\u80a1\u901a\u6295\u8d44\u8005\u7a0b\u5e8f\u5316\u4ea4\u6613\u4fe1\u606f\u62a5\u544a\u8868\u300b\u586b\u62a5\u8bf4\u660e\"",\n      \""1-2\uff1a\u300a\u4e0a\u6d77\u8bc1\u5238\u4ea4\u6613\u6240\u6caa\u80a1\u901a\u6295\u8d44\u8005\u7a0b\u5e8f\u5316\u4ea4\u6613\u4fe1\u606f\u62a5\u544a\u8868\u300b\u586b\u62a5\u8bf4\u660e\""\n    ]"", ""sha256"": ""6adc29244619a761e13670595e130100b7a9bae8d3e9328e97027c9fa89e3e81""}, {""locate_evidence"": ""quote and locator found"", ""located"": true, ""locator"": ""/1/staged_extract_path"", ""path"": ""input/document_manifest.json"", ""quote"": ""\""extracted_text/1-2_\u586b\u62a5\u8bf4\u660e.txt\"""", ""sha256"": ""6adc29244619a761e13670595e130100b7a9bae8d3e9328e97027c9fa89e3e81""}, {""locate_evidence"": ""quote and locator found"", ""located"": true, ""locator"": ""lines:14-16"", ""path"": ""input/extracted_text/1-2_\u586b\u62a5\u8bf4\u660e.txt"", ""quote"": ""\u6caa\u80a1\u901a\u7a0b\u5e8f\u5316\u4ea4\u6613\u6295\u8d44\u8005\u62a5\u544a\u5355\u4f4d\n\u6caa\u80a1\u901a\u7a0b\u5e8f\u5316\u4ea4\u6613\u6295\u8d44\u8005\u4ee5\u5317\u5411\u4ea4\u6613\u6295\u8d44\u8005\u8bc6\u522b\u7801\uff08BCAN\u7801\uff0c\u4ee5\u4e0b\u7b80\u79f0\u8d26\u6237\uff09\u4e3a\u5355\u4f4d\u8fdb\u884c\u62a5\u544a\uff0c\u539f\u5219\u4e0a\u6bcf\u4e2a\u8d26\u6237\u62a5\u544a\u4e00\u6761\u4fe1\u606f\u3002\u6240\u6709\u5f00\u7acb\u8d26\u6237\u7684\u6295\u8d44\u8005\uff0c\u5305\u62ec\u4f46\u4e0d\u9650\u4e8e\u8054\u4ea4\u6240\u53c2\u4e0e\u8005\uff08\u542b\u8054\u5c5e\u516c\u53f8\uff09\u53ca\u5176\u5ba2\u6237\uff0c\u5bf9\u4e8e\u7b26\u5408\u76f8\u5173\u8981\u6c42\u7684\u8d26\u6237\u5747\u987b\u5c65\u884c\u62a5\u544a\u4e49\u52a1\u3002\u6295\u8d44\u8005\u5728\u4e0d\u540c\u8054\u4ea4\u6240\u53c2\u4e0e\u8005\u5f00\u7acb\u591a\u4e2a\u8d26\u6237\uff0c\u5e94\u5f53\u901a\u8fc7\u5bf9\u5e94\u8054\u4ea4\u6240\u53c2\u4e0e\u8005\u5206\u522b\u62a5\u544a\u3002\n\u5728\u591a\u5bb6\u8054\u4ea4\u6240\u53c2\u4e0e\u8005\u5f00\u7acb\u8d26\u6237\uff08\u542b\u673a\u6784\u7ba1\u7406\u4eba\u8d26\u6237\u3001\u7ba1\u7406\u4eba\u65d7\u4e0b\u7684\u4ea7\u54c1\u8d26\u6237\uff09\u7684\u673a\u6784\u6295\u8d44\u8005\uff0c\u5bf9\u4e8e\u4ee5\u540c\u4e00\u8bc1\u4ef6\u53f7\u7801\u5f00\u7acb\u7684\u8d26\u6237\uff0c\u53ef\u4ee5\u9009\u53d6\u4e00\u5bb6\u8054\u4ea4\u6240\u53c2\u4e0e\u8005\u5e76\u6309\u673a\u6784\u7ef4\u5ea6\uff08\u540c\u4e00\u8bc1\u4ef6\u53f7\u7801\u4e0b\u5f00\u7acb\u7684\u8d26\u6237\u5408\u8ba1\uff09\u586b\u5199\u8d26\u6237\u8d44\u91d1\u4fe1\u606f\u76f8\u5173\u5b57\u6bb5\uff08\u5305\u62ec\u8d26\u6237\u8d44\u91d1\u89c4\u6a21\u3001\u8d26\u6237\u8d44\u91d1\u6765\u6e90\u3001\u5176\u4ed6\u8d44\u91d1\u6765\u6e90\u63cf\u8ff0\u3001\u8d44\u91d1\u6765\u6e90\u5360\u6bd4\u3001\u6760\u6746\u8d44\u91d1\u89c4\u6a21\u3001\u6760\u6746\u8d44\u91d1\u6765\u6e90\u3001\u5176\u4ed6\u6760\u6746\u8d44\u91d1\u6765\u6e90\u63cf\u8ff0\u3001\u6760\u6746\u7387\uff09\u3002\u5176\u4ee5\u540c\u4e00\u8bc1\u4ef6\u53f7\u7801\u5728\u5176\u4ed6\u8054\u4ea4\u6240\u53c2\u4e0e\u8005\u5f00\u7acb\u7684\u8d26\u6237\uff0c\u4e0d\u518d\u91cd\u590d\u586b\u5199\u4e0a\u8ff0\u4fe1\u606f\uff0c\u5e76\u5728\u76f8\u5e94\u5b57\u6bb5\u586b\u5199\u201c\u5df2\u5728\u5176\u4ed6\u8054\u4ea4\u6240\u53c2\u4e0e\u8005\u62a5\u544a\u201d\uff0c\u4e0a\u8ff0\u5b57\u6bb5\u4ee5\u5916\u7684\u5176\u4ed6\u5b57\u6bb5\u4ecd\u987b\u6309\u7167\u8981\u6c42\u586b\u5199\u3002"", ""sha256"": ""66b4ac87a58daaf0469b82dc9d61c2b29c47981e3accc89953f1125aef020d46""}]",contradicted,"input/extracted_text/1-2_填报说明.txt line 16 contains the centralized same-certificate-number funding-information rule and expressly includes 杠杆资金规模, so it is an applicable source. However, input/extracted_text/1-3_填报注意事项.txt line 99 independently repeats the same operative rule: one participant may be selected to report the listed funding fields, including 杠杆资金规模, while other same-certificate-number accounts state that the information was reported elsewhere. input/document_manifest.json supplies valid Simplified Chinese citation names for both documents. The task requires the name of the source relied on, not exclusively the 1-2 document, so the expected restriction to the two aliases of 1-2 conflicts with another directly applicable staged source.",False,False,True,True,"For this inquiry, the directly applicable staged source is the reporting-form completion instruction. The checker accepts either exact citation alias published for that document and requires a non-empty evidence_snippet containing Chinese text to occur verbatim in its UTF-8 extract. It checks provenance, not the semantic adequacy or length of the chosen excerpt.",public_recompute,The staged materials contain no validator. Exact citation aliases and verbatim excerpt membership can be recomputed deterministically from the public manifest and text mirror.,"[""python3"", ""q1_citation_excerpt_provenance.py""]","mechanical locators: input/question_set.json /questions/0: quote and locator found; input/document_manifest.json /1/citation_aliases: quote and locator found; input/document_manifest.json /1/staged_extract_path: quote and locator found; input/extracted_text/1-2_填报说明.txt lines:14-16: quote and locator found; source audit: input/extracted_text/1-2_填报说明.txt line 16 contains the centralized same-certificate-number funding-information rule and expressly includes 杠杆资金规模, so it is an applicable source. However, input/extracted_text/1-3_填报注意事项.txt line 99 independently repeats the same operative rule: one participant may be selected to report the listed funding fields, including 杠杆资金规模, while other same-certificate-number accounts state that the information was reported elsewhere. input/document_manifest.json supplies valid Simplified Chinese citation names for both documents. The task requires the name of the source relied on, not exclusively the 1-2 document, so the expected restriction to the two aliases of 1-2 conflicts with another directly applicable staged source.",source status: contradicted,"The q1 citation is one of the two manifest aliases for the completion instruction, and the q1 evidence snippet is a non-empty verbatim Chinese substring of input/extracted_text/1-2_填报说明.txt.",null
verifier_v13_sse_label_canary,business_finance__sse_northbound_programmatic_trading_01,prep_verifier,0,error,0b8094d13a909fd6ff385e18d22636c4fcd942f138d83a06d7323892701c04d6,q2_citation_excerpt_provenance,True,False,error,"For q2, citation_document must be an exact Simplified Chinese source-document name relied on, and evidence_snippet must be an exact Simplified Chinese excerpt copied from that staged source.",5,"[{""locate_evidence"": ""quote and locator found"", ""located"": true, ""locator"": ""/questions/1"", ""path"": ""input/question_set.json"", ""quote"": ""{\n      \""key\"": \""q2_hft_cost_calculation\"",\n      \""question\"": \""For a high-frequency trading team with more than 20,000 daily orders, what are the specific numerical amounts of the flow fee and cancellation fee in the provided rules?\"",\n      \""allowed_conclusions\"": [\n        \""Yes\"",\n        \""No\"",\n        \""Unknown\""\n      ]\n    }"", ""sha256"": ""95f0c98b68c9bca2a4a117992b5cc881e501f73e24fa672da48ccf71c1482476""}, {""locate_evidence"": ""quote and locator found"", ""located"": true, ""locator"": ""/7/citation_aliases"", ""path"": ""input/document_manifest.json"", ""quote"": ""[\n      \""\u4e0a\u6d77\u8bc1\u5238\u4ea4\u6613\u6240\u7a0b\u5e8f\u5316\u4ea4\u6613\u7ba1\u7406\u5b9e\u65bd\u7ec6\u5219\""\n    ]"", ""sha256"": ""6adc29244619a761e13670595e130100b7a9bae8d3e9328e97027c9fa89e3e81""}, {""locate_evidence"": ""quote and locator found"", ""located"": true, ""locator"": ""/7/staged_extract_path"", ""path"": ""input/document_manifest.json"", ""quote"": ""\""extracted_text/\u7a0b\u5e8f\u5316\u4ea4\u6613\u7ba1\u7406\u5b9e\u65bd\u7ec6\u5219.txt\"""", ""sha256"": ""6adc29244619a761e13670595e130100b7a9bae8d3e9328e97027c9fa89e3e81""}, {""locate_evidence"": ""quote and locator found"", ""located"": true, ""locator"": ""lines:101-105"", ""path"": ""input/extracted_text/\u7a0b\u5e8f\u5316\u4ea4\u6613\u7ba1\u7406\u5b9e\u65bd\u7ec6\u5219.txt"", ""quote"": ""\u7b2c\u4e09\u5341\u4e09\u6761 \u6295\u8d44\u8005\u4ea4\u6613\u884c\u4e3a\u5b58\u5728\u4e0b\u5217\u60c5\u5f62\u4e4b\u4e00\u7684\uff0c\u5c5e\u4e8e\u9ad8\u9891\u4ea4\u6613\uff1a\n\uff08\u4e00\uff09\u5355\u4e2a\u8d26\u6237\u6bcf\u79d2\u7533\u62a5\u3001\u64a4\u5355\u7684\u6700\u9ad8\u7b14\u6570\u8fbe\u5230300\u7b14\u4ee5\u4e0a\uff1b\n\uff08\u4e8c\uff09\u5355\u4e2a\u8d26\u6237\u5355\u65e5\u7533\u62a5\u3001\u64a4\u5355\u7684\u6700\u9ad8\u7b14\u6570\u8fbe\u523020000\u7b14\u4ee5\u4e0a\uff1b\n\uff08\u4e09\uff09\u672c\u6240\u8ba4\u5b9a\u7684\u5176\u4ed6\u60c5\u5f62\u3002\n\u4e3a\u4fdd\u969c\u6b63\u5e38\u4ea4\u6613\u79e9\u5e8f\u548c\u7cfb\u7edf\u5b89\u5168\uff0c\u672c\u6240\u53ef\u4ee5\u5728\u7a0b\u5e8f\u5316\u4ea4\u6613\u62a5\u544a\u3001\u4ea4\u6613\u6536\u8d39\u3001\u4ea4\u6613\u76d1\u7ba1\u3001\u884c\u60c5\u83b7\u53d6\u7b49\u65b9\u9762\u5bf9\u5b58\u5728\u9ad8\u9891\u4ea4\u6613\u7684\u6295\u8d44\u8005\u63d0\u51fa\u5dee\u5f02\u5316\u7ba1\u7406\u8981\u6c42\u3002\u672c\u6240\u53ef\u4ee5\u5bf9\u9ad8\u9891\u4ea4\u6613\u7684\u8ba4\u5b9a\u60c5\u5f62\u548c\u5dee\u5f02\u5316\u7ba1\u7406\u8981\u6c42\u8fdb\u884c\u8c03\u6574\u3002"", ""sha256"": ""46d3b5beaf2eb6334ded0cfd02be87fc3c8b165076faee785fc2d3c019bf332c""}, {""locate_evidence"": ""quote and locator found"", ""located"": true, ""locator"": ""lines:115-116"", ""path"": ""input/extracted_text/\u7a0b\u5e8f\u5316\u4ea4\u6613\u7ba1\u7406\u5b9e\u65bd\u7ec6\u5219.txt"", ""quote"": ""\u7b2c\u4e09\u5341\u4e03\u6761 \u672c\u6240\u53ef\u4ee5\u5bf9\u9ad8\u9891\u4ea4\u6613\u5b9e\u65bd\u5dee\u5f02\u5316\u6536\u8d39\uff0c\u6839\u636e\u7533\u62a5\u3001\u64a4\u5355\u7684\u7b14\u6570\u548c\u9891\u7387\u7b49\u6307\u6807\u8bbe\u7f6e\u6536\u8d39\u6807\u51c6\uff0c\u52a0\u6536\u6d41\u91cf\u8d39\u548c\u64a4\u5355\u8d39\u7b49\u8d39\u7528\u3002\u5177\u4f53\u6536\u8d39\u6807\u51c6\u7531\u672c\u6240\u53e6\u884c\u89c4\u5b9a\u3002\n\u4f1a\u5458\u5e94\u5f53\u52a0\u5f3a\u6536\u8d39\u7ba1\u7406\uff0c\u786e\u4fdd\u5dee\u5f02\u5316\u8d39\u7528\u6210\u672c\u7531\u5b58\u5728\u9ad8\u9891\u4ea4\u6613\u7684\u6295\u8d44\u8005\u627f\u62c5\u3002"", ""sha256"": ""46d3b5beaf2eb6334ded0cfd02be87fc3c8b165076faee785fc2d3c019bf332c""}]",supported,"input/extracted_text/程序化交易管理实施细则.txt lines 101-105 define the relevant high-frequency condition, including 20,000 or more daily declarations/cancellations. Lines 115-116 state: “本所可以对高频交易实施差异化收费，根据申报、撤单的笔数和频率等指标设置收费标准，加收流量费和撤单费等费用。具体收费标准由本所另行规定。” input/document_manifest.json identifies this extract and gives its Simplified Chinese citation name as 上海证券交易所程序化交易管理实施细则. No conflicting numerical fee provision was located in the staged text set.",True,False,True,True,"The directly applicable staged source defines the 20,000-order high-frequency condition and states how flow-fee and cancellation-fee standards are handled. The checker requires the exact manifest name and a non-empty Chinese snippet occurring verbatim in that source. It does not infer a numerical value or grade the conclusion label.",public_recompute,No task-native validator is available; exact source-name and excerpt provenance are directly and deterministically checkable.,"[""python3"", ""q2_citation_excerpt_provenance.py""]","checker audit: checks/q2_citation_excerpt_provenance.py lines 9 and 18-19 enforce the applicable manifest citation name, while lines 23-27 recompute literal substring membership in the corresponding public extract and require at least one CJK character. However, it accepts any nonempty Chinese substring from that document, including text unrelated to fee standards, and never checks that the excerpt evidences the answer or that the cited document is actually relied on by the conclusion and explanation. It also does not evaluate the conclusion or answer_text. Therefore it is only a provenance proxy, not the exact evidence requirement. Its public_recompute execution mode is accurately described.; fixture preflight: environment: isolated Python probe passed; valid fixture: command: python3 q2_citation_excerpt_provenance.py; consecutive_runs: 2 identical; stderr: <empty>; [{""question"":""q2_hft_cost_calculation"",""source"":""extracted_text/\u7a0b\u5e8f\u5316\u4ea4\u6613\u7ba1\u7406\u5b9e\u65bd\u7ec6\u5219.txt"",""verbatim_match"":true}]; invalid fixture: command: python3 q2_citation_excerpt_provenance.py; consecutive_runs: 2 identical; stderr: <empty>; [{""observed"":""\u6d41\u91cf\u8d39\u4e3a\u6bcf\u7b14\u4e00\u5143\uff0c\u64a4\u5355\u8d39\u4e3a\u6bcf\u7b14\u4e24\u5143\u3002"",""rule"":""verbatim_excerpt""}]",checker did not pass its pre-freeze gate,"The q2 citation equals 上海证券交易所程序化交易管理实施细则, and the q2 evidence snippet is a non-empty verbatim Chinese substring of input/extracted_text/程序化交易管理实施细则.txt.",null
verifier_v13_sse_label_canary,business_finance__sse_northbound_programmatic_trading_01,prep_verifier,0,error,0b8094d13a909fd6ff385e18d22636c4fcd942f138d83a06d7323892701c04d6,q3_citation_excerpt_provenance,True,False,error,"For q3, citation_document must be an exact Simplified Chinese source-document name relied on, and evidence_snippet must be an exact Simplified Chinese excerpt copied from that staged source.",4,"[{""locate_evidence"": ""quote and locator found"", ""located"": true, ""locator"": ""/questions/2"", ""path"": ""input/question_set.json"", ""quote"": ""{\n      \""key\"": \""q3_software_naming\"",\n      \""question\"": \""If a French company uses home-grown software with no Chinese name, can it report using only the original foreign-language name?\"",\n      \""allowed_conclusions\"": [\n        \""Yes\"",\n        \""No\"",\n        \""Unknown\""\n      ]\n    }"", ""sha256"": ""95f0c98b68c9bca2a4a117992b5cc881e501f73e24fa672da48ccf71c1482476""}, {""locate_evidence"": ""quote and locator found"", ""located"": true, ""locator"": ""/2/citation_aliases"", ""path"": ""input/document_manifest.json"", ""quote"": ""[\n      \""\u4e0a\u6d77\u8bc1\u5238\u4ea4\u6613\u6240\u6caa\u80a1\u901a\u6295\u8d44\u8005\u7a0b\u5e8f\u5316\u4ea4\u6613\u62a5\u544a\u4fe1\u606f\u586b\u62a5\u6ce8\u610f\u4e8b\u9879\"",\n      \""1-3\uff1a\u4e0a\u6d77\u8bc1\u5238\u4ea4\u6613\u6240\u6caa\u80a1\u901a\u6295\u8d44\u8005\u7a0b\u5e8f\u5316\u4ea4\u6613\u62a5\u544a\u4fe1\u606f\u586b\u62a5\u6ce8\u610f\u4e8b\u9879\""\n    ]"", ""sha256"": ""6adc29244619a761e13670595e130100b7a9bae8d3e9328e97027c9fa89e3e81""}, {""locate_evidence"": ""quote and locator found"", ""located"": true, ""locator"": ""/2/staged_extract_path"", ""path"": ""input/document_manifest.json"", ""quote"": ""\""extracted_text/1-3_\u586b\u62a5\u6ce8\u610f\u4e8b\u9879.txt\"""", ""sha256"": ""6adc29244619a761e13670595e130100b7a9bae8d3e9328e97027c9fa89e3e81""}, {""locate_evidence"": ""quote and locator found"", ""located"": true, ""locator"": ""lines:36-38"", ""path"": ""input/extracted_text/1-3_\u586b\u62a5\u6ce8\u610f\u4e8b\u9879.txt"", ""quote"": ""\u4e8c\u3001\u7a0b\u5e8f\u5316\u4ea4\u6613\u62a5\u544a\u8bed\u8a00\u8981\u6c42\n\u5bf9\u4e8e\u63cf\u8ff0\u7c7b\u5b57\u6bb5\uff08\u5176\u4ed6\u8d44\u91d1\u6765\u6e90\u63cf\u8ff0\u3001\u5176\u4ed6\u6760\u6746\u8d44\u91d1\u6765\u6e90\u63cf\u8ff0\u3001\u4e3b\u7b56\u7565\u6982\u8ff0\u3001\u8f85\u7b56\u7565\u6982\u8ff0\u3001\u6307\u4ee4\u6267\u884c\u65b9\u5f0f\u6982\u8ff0\u7b49\uff09\u4ee5\u53ca\u9ad8\u9891\u4ea4\u6613\u7cfb\u7edf\u6d4b\u8bd5\u62a5\u544a\u53ca\u6545\u969c\u5e94\u6025\u65b9\u6848\uff0c\u586b\u62a5\u8bed\u8a00\u539f\u5219\u4e0a\u4e3a\u7b80\u4f53\u4e2d\u6587\u3002\u5bf9\u4e8e\u4e2a\u522b\u96be\u4ee5\u786e\u5b9a\u7edf\u4e00\u4e2d\u6587\u8868\u8ff0\u7684\u5b57\u6bb5\uff0c\u4f8b\u5982\u8054\u4ea4\u6240\u53c2\u4e0e\u8005\u540d\u79f0\u3001\u8d26\u6237\u540d\u79f0\u3001\u7a0b\u5e8f\u5316\u4ea4\u6613\u8f6f\u4ef6\u540d\u79f0\u7b49\uff0c\u53ef\u4ee5\u586b\u5199\u82f1\u6587\u3002\n\u4e09\u3001\u7a0b\u5e8f\u5316\u4ea4\u6613\u4fe1\u606f\u62a5\u544a\u8868\u586b\u5199\u89c4\u8303\u8981\u6c42"", ""sha256"": ""7a3ff27687a5ea18bdd171e2b5bc23d76888deb5af8ce3910c0eac82e8e405b5""}]",supported,"input/extracted_text/1-3_填报注意事项.txt lines 36-38 directly address reporting language and state that fields difficult to express uniformly in Chinese, including programmatic-trading software names, may be completed in English: “对于个别难以确定统一中文表述的字段，例如联交所参与者名称、账户名称、程序化交易软件名称等，可以填写英文。” input/document_manifest.json provides the two accepted Simplified Chinese citation aliases for that document. The source specifically says English, not French or every foreign language, but the candidate test does not freeze a substantive conclusion label.",True,False,True,True,The staged reporting notes expressly address the language allowed for software names. The checker accepts either exact manifest alias for that document and requires a non-empty Chinese evidence snippet copied verbatim from its text mirror. It does not treat French and English as interchangeable or independently grade that semantic issue.,public_recompute,No task-native validator is staged. The manifest aliases and exact text excerpt can be checked without external knowledge.,"[""python3"", ""q3_citation_excerpt_provenance.py""]","checker audit: checks/q3_citation_excerpt_provenance.py lines 9-12 enforce the two manifest aliases for the applicable reporting-notes document, and lines 26-30 check literal membership in extracted_text/1-3_填报注意事项.txt plus the presence of a CJK character. Nevertheless, any unrelated Chinese substring from that document passes. The checker does not establish that the excerpt supports the software-language answer, does not connect it to the citation as a source actually relied on, and does not assess the distinction between English and an unspecified original foreign-language name. It therefore implements only partial provenance rather than the complete evidence requirement. The declared public_recompute mode is honest.; fixture preflight: environment: isolated Python probe passed; valid fixture: command: python3 q3_citation_excerpt_provenance.py; consecutive_runs: 2 identical; stderr: <empty>; [{""question"":""q3_software_naming"",""source"":""extracted_text/1-3_\u586b\u62a5\u6ce8\u610f\u4e8b\u9879.txt"",""verbatim_match"":true}]; invalid fixture: command: python3 q3_citation_excerpt_provenance.py; consecutive_runs: 2 identical; stderr: <empty>; [{""observed"":""\u6240\u6709\u7a0b\u5e8f\u5316\u4ea4\u6613\u8f6f\u4ef6\u540d\u79f0\u90fd\u5fc5\u987b\u540c\u65f6\u586b\u5199\u4e2d\u6587\u8bd1\u540d\u3002"",""rule"":""verbatim_excerpt""}]",checker did not pass its pre-freeze gate,"The q3 citation is one of the two manifest aliases for the reporting notes, and the q3 evidence snippet is a non-empty verbatim Chinese substring of input/extracted_text/1-3_填报注意事项.txt.",null
verifier_v13_sse_label_canary,business_finance__sse_northbound_programmatic_trading_01,prep_verifier,0,error,0b8094d13a909fd6ff385e18d22636c4fcd942f138d83a06d7323892701c04d6,q1_substantive_label_mapping,False,False,unverifiable,A substantive conclusion should correctly apply the same-certificate-number centralized funding-information exception to the client's same-LEI scenario.,2,"[{""locate_evidence"": ""quote and locator found"", ""located"": true, ""locator"": ""/questions/0"", ""path"": ""input/question_set.json"", ""quote"": ""{\n      \""key\"": \""q1_multi_broker_reporting\"",\n      \""question\"": \""Does a Hong Kong investor with three Northbound accounts under one LEI need to report leverage scale separately through each broker?\"",\n      \""allowed_conclusions\"": [\n        \""Yes\"",\n        \""No\"",\n        \""Unknown\""\n      ]\n    }"", ""sha256"": ""95f0c98b68c9bca2a4a117992b5cc881e501f73e24fa672da48ccf71c1482476""}, {""locate_evidence"": ""quote and locator found"", ""located"": true, ""locator"": ""lines:15-16"", ""path"": ""input/extracted_text/1-2_\u586b\u62a5\u8bf4\u660e.txt"", ""quote"": ""\u6caa\u80a1\u901a\u7a0b\u5e8f\u5316\u4ea4\u6613\u6295\u8d44\u8005\u4ee5\u5317\u5411\u4ea4\u6613\u6295\u8d44\u8005\u8bc6\u522b\u7801\uff08BCAN\u7801\uff0c\u4ee5\u4e0b\u7b80\u79f0\u8d26\u6237\uff09\u4e3a\u5355\u4f4d\u8fdb\u884c\u62a5\u544a\uff0c\u539f\u5219\u4e0a\u6bcf\u4e2a\u8d26\u6237\u62a5\u544a\u4e00\u6761\u4fe1\u606f\u3002\u6240\u6709\u5f00\u7acb\u8d26\u6237\u7684\u6295\u8d44\u8005\uff0c\u5305\u62ec\u4f46\u4e0d\u9650\u4e8e\u8054\u4ea4\u6240\u53c2\u4e0e\u8005\uff08\u542b\u8054\u5c5e\u516c\u53f8\uff09\u53ca\u5176\u5ba2\u6237\uff0c\u5bf9\u4e8e\u7b26\u5408\u76f8\u5173\u8981\u6c42\u7684\u8d26\u6237\u5747\u987b\u5c65\u884c\u62a5\u544a\u4e49\u52a1\u3002\u6295\u8d44\u8005\u5728\u4e0d\u540c\u8054\u4ea4\u6240\u53c2\u4e0e\u8005\u5f00\u7acb\u591a\u4e2a\u8d26\u6237\uff0c\u5e94\u5f53\u901a\u8fc7\u5bf9\u5e94\u8054\u4ea4\u6240\u53c2\u4e0e\u8005\u5206\u522b\u62a5\u544a\u3002\n\u5728\u591a\u5bb6\u8054\u4ea4\u6240\u53c2\u4e0e\u8005\u5f00\u7acb\u8d26\u6237\uff08\u542b\u673a\u6784\u7ba1\u7406\u4eba\u8d26\u6237\u3001\u7ba1\u7406\u4eba\u65d7\u4e0b\u7684\u4ea7\u54c1\u8d26\u6237\uff09\u7684\u673a\u6784\u6295\u8d44\u8005\uff0c\u5bf9\u4e8e\u4ee5\u540c\u4e00\u8bc1\u4ef6\u53f7\u7801\u5f00\u7acb\u7684\u8d26\u6237\uff0c\u53ef\u4ee5\u9009\u53d6\u4e00\u5bb6\u8054\u4ea4\u6240\u53c2\u4e0e\u8005\u5e76\u6309\u673a\u6784\u7ef4\u5ea6\uff08\u540c\u4e00\u8bc1\u4ef6\u53f7\u7801\u4e0b\u5f00\u7acb\u7684\u8d26\u6237\u5408\u8ba1\uff09\u586b\u5199\u8d26\u6237\u8d44\u91d1\u4fe1\u606f\u76f8\u5173\u5b57\u6bb5\uff08\u5305\u62ec\u8d26\u6237\u8d44\u91d1\u89c4\u6a21\u3001\u8d26\u6237\u8d44\u91d1\u6765\u6e90\u3001\u5176\u4ed6\u8d44\u91d1\u6765\u6e90\u63cf\u8ff0\u3001\u8d44\u91d1\u6765\u6e90\u5360\u6bd4\u3001\u6760\u6746\u8d44\u91d1\u89c4\u6a21\u3001\u6760\u6746\u8d44\u91d1\u6765\u6e90\u3001\u5176\u4ed6\u6760\u6746\u8d44\u91d1\u6765\u6e90\u63cf\u8ff0\u3001\u6760\u6746\u7387\uff09\u3002\u5176\u4ee5\u540c\u4e00\u8bc1\u4ef6\u53f7\u7801\u5728\u5176\u4ed6\u8054\u4ea4\u6240\u53c2\u4e0e\u8005\u5f00\u7acb\u7684\u8d26\u6237\uff0c\u4e0d\u518d\u91cd\u590d\u586b\u5199\u4e0a\u8ff0\u4fe1\u606f\uff0c\u5e76\u5728\u76f8\u5e94\u5b57\u6bb5\u586b\u5199\u201c\u5df2\u5728\u5176\u4ed6\u8054\u4ea4\u6240\u53c2\u4e0e\u8005\u62a5\u544a\u201d\uff0c\u4e0a\u8ff0\u5b57\u6bb5\u4ee5\u5916\u7684\u5176\u4ed6\u5b57\u6bb5\u4ecd\u987b\u6309\u7167\u8981\u6c42\u586b\u5199\u3002"", ""sha256"": ""66b4ac87a58daaf0469b82dc9d61c2b29c47981e3accc89953f1125aef020d46""}]",,,,,,,"The materials provide the reporting rule and enumerate Yes, No, and Unknown, but they do not define a formal mapping from this proposition to those labels or expressly state that an LEI is the same thing as the rule's 证件号码. Freezing a label would therefore rely on an unstated mapping.",,,[],"The materials provide the reporting rule and enumerate Yes, No, and Unknown, but they do not define a formal mapping from this proposition to those labels or expressly state that an LEI is the same thing as the rule's 证件号码. Freezing a label would therefore rely on an unstated mapping.",public solve-time truth is unavailable,A substantive conclusion should correctly apply the same-certificate-number centralized funding-information exception to the client's same-LEI scenario.,null
verifier_v13_sse_label_canary,business_finance__sse_northbound_programmatic_trading_01,prep_verifier,0,error,0b8094d13a909fd6ff385e18d22636c4fcd942f138d83a06d7323892701c04d6,q2_substantive_label_mapping,False,False,unverifiable,"The answer should accurately explain what numerical flow-fee and cancellation-fee amounts, if any, can be obtained from the staged rule.",3,"[{""locate_evidence"": ""quote and locator found"", ""located"": true, ""locator"": ""/questions/1"", ""path"": ""input/question_set.json"", ""quote"": ""{\n      \""key\"": \""q2_hft_cost_calculation\"",\n      \""question\"": \""For a high-frequency trading team with more than 20,000 daily orders, what are the specific numerical amounts of the flow fee and cancellation fee in the provided rules?\"",\n      \""allowed_conclusions\"": [\n        \""Yes\"",\n        \""No\"",\n        \""Unknown\""\n      ]\n    }"", ""sha256"": ""95f0c98b68c9bca2a4a117992b5cc881e501f73e24fa672da48ccf71c1482476""}, {""locate_evidence"": ""quote and locator found"", ""located"": true, ""locator"": ""lines:101-105"", ""path"": ""input/extracted_text/\u7a0b\u5e8f\u5316\u4ea4\u6613\u7ba1\u7406\u5b9e\u65bd\u7ec6\u5219.txt"", ""quote"": ""\u7b2c\u4e09\u5341\u4e09\u6761 \u6295\u8d44\u8005\u4ea4\u6613\u884c\u4e3a\u5b58\u5728\u4e0b\u5217\u60c5\u5f62\u4e4b\u4e00\u7684\uff0c\u5c5e\u4e8e\u9ad8\u9891\u4ea4\u6613\uff1a\n\uff08\u4e00\uff09\u5355\u4e2a\u8d26\u6237\u6bcf\u79d2\u7533\u62a5\u3001\u64a4\u5355\u7684\u6700\u9ad8\u7b14\u6570\u8fbe\u5230300\u7b14\u4ee5\u4e0a\uff1b\n\uff08\u4e8c\uff09\u5355\u4e2a\u8d26\u6237\u5355\u65e5\u7533\u62a5\u3001\u64a4\u5355\u7684\u6700\u9ad8\u7b14\u6570\u8fbe\u523020000\u7b14\u4ee5\u4e0a\uff1b\n\uff08\u4e09\uff09\u672c\u6240\u8ba4\u5b9a\u7684\u5176\u4ed6\u60c5\u5f62\u3002\n\u4e3a\u4fdd\u969c\u6b63\u5e38\u4ea4\u6613\u79e9\u5e8f\u548c\u7cfb\u7edf\u5b89\u5168\uff0c\u672c\u6240\u53ef\u4ee5\u5728\u7a0b\u5e8f\u5316\u4ea4\u6613\u62a5\u544a\u3001\u4ea4\u6613\u6536\u8d39\u3001\u4ea4\u6613\u76d1\u7ba1\u3001\u884c\u60c5\u83b7\u53d6\u7b49\u65b9\u9762\u5bf9\u5b58\u5728\u9ad8\u9891\u4ea4\u6613\u7684\u6295\u8d44\u8005\u63d0\u51fa\u5dee\u5f02\u5316\u7ba1\u7406\u8981\u6c42\u3002\u672c\u6240\u53ef\u4ee5\u5bf9\u9ad8\u9891\u4ea4\u6613\u7684\u8ba4\u5b9a\u60c5\u5f62\u548c\u5dee\u5f02\u5316\u7ba1\u7406\u8981\u6c42\u8fdb\u884c\u8c03\u6574\u3002"", ""sha256"": ""46d3b5beaf2eb6334ded0cfd02be87fc3c8b165076faee785fc2d3c019bf332c""}, {""locate_evidence"": ""quote and locator found"", ""located"": true, ""locator"": ""lines:115-116"", ""path"": ""input/extracted_text/\u7a0b\u5e8f\u5316\u4ea4\u6613\u7ba1\u7406\u5b9e\u65bd\u7ec6\u5219.txt"", ""quote"": ""\u7b2c\u4e09\u5341\u4e03\u6761 \u672c\u6240\u53ef\u4ee5\u5bf9\u9ad8\u9891\u4ea4\u6613\u5b9e\u65bd\u5dee\u5f02\u5316\u6536\u8d39\uff0c\u6839\u636e\u7533\u62a5\u3001\u64a4\u5355\u7684\u7b14\u6570\u548c\u9891\u7387\u7b49\u6307\u6807\u8bbe\u7f6e\u6536\u8d39\u6807\u51c6\uff0c\u52a0\u6536\u6d41\u91cf\u8d39\u548c\u64a4\u5355\u8d39\u7b49\u8d39\u7528\u3002\u5177\u4f53\u6536\u8d39\u6807\u51c6\u7531\u672c\u6240\u53e6\u884c\u89c4\u5b9a\u3002\n\u4f1a\u5458\u5e94\u5f53\u52a0\u5f3a\u6536\u8d39\u7ba1\u7406\uff0c\u786e\u4fdd\u5dee\u5f02\u5316\u8d39\u7528\u6210\u672c\u7531\u5b58\u5728\u9ad8\u9891\u4ea4\u6613\u7684\u6295\u8d44\u8005\u627f\u62c5\u3002"", ""sha256"": ""46d3b5beaf2eb6334ded0cfd02be87fc3c8b165076faee785fc2d3c019bf332c""}]",,,,,,,"The source says that concrete standards are prescribed separately, while the question_set only enumerates labels. It does not specify whether absence of staged numerical standards maps to No or Unknown, so a frozen label would add an unstated mapping.",,,[],"The source says that concrete standards are prescribed separately, while the question_set only enumerates labels. It does not specify whether absence of staged numerical standards maps to No or Unknown, so a frozen label would add an unstated mapping.",public solve-time truth is unavailable,"The answer should accurately explain what numerical flow-fee and cancellation-fee amounts, if any, can be obtained from the staged rule.",null
verifier_v13_sse_label_canary,business_finance__sse_northbound_programmatic_trading_01,prep_verifier,0,error,0b8094d13a909fd6ff385e18d22636c4fcd942f138d83a06d7323892701c04d6,q3_substantive_label_mapping,False,False,unverifiable,The conclusion should correctly apply the staged permission concerning English software names to the client's proposed original foreign-language name.,2,"[{""locate_evidence"": ""quote and locator found"", ""located"": true, ""locator"": ""/questions/2"", ""path"": ""input/question_set.json"", ""quote"": ""{\n      \""key\"": \""q3_software_naming\"",\n      \""question\"": \""If a French company uses home-grown software with no Chinese name, can it report using only the original foreign-language name?\"",\n      \""allowed_conclusions\"": [\n        \""Yes\"",\n        \""No\"",\n        \""Unknown\""\n      ]\n    }"", ""sha256"": ""95f0c98b68c9bca2a4a117992b5cc881e501f73e24fa672da48ccf71c1482476""}, {""locate_evidence"": ""quote and locator found"", ""located"": true, ""locator"": ""lines:36-38"", ""path"": ""input/extracted_text/1-3_\u586b\u62a5\u6ce8\u610f\u4e8b\u9879.txt"", ""quote"": ""\u4e8c\u3001\u7a0b\u5e8f\u5316\u4ea4\u6613\u62a5\u544a\u8bed\u8a00\u8981\u6c42\n\u5bf9\u4e8e\u63cf\u8ff0\u7c7b\u5b57\u6bb5\uff08\u5176\u4ed6\u8d44\u91d1\u6765\u6e90\u63cf\u8ff0\u3001\u5176\u4ed6\u6760\u6746\u8d44\u91d1\u6765\u6e90\u63cf\u8ff0\u3001\u4e3b\u7b56\u7565\u6982\u8ff0\u3001\u8f85\u7b56\u7565\u6982\u8ff0\u3001\u6307\u4ee4\u6267\u884c\u65b9\u5f0f\u6982\u8ff0\u7b49\uff09\u4ee5\u53ca\u9ad8\u9891\u4ea4\u6613\u7cfb\u7edf\u6d4b\u8bd5\u62a5\u544a\u53ca\u6545\u969c\u5e94\u6025\u65b9\u6848\uff0c\u586b\u62a5\u8bed\u8a00\u539f\u5219\u4e0a\u4e3a\u7b80\u4f53\u4e2d\u6587\u3002\u5bf9\u4e8e\u4e2a\u522b\u96be\u4ee5\u786e\u5b9a\u7edf\u4e00\u4e2d\u6587\u8868\u8ff0\u7684\u5b57\u6bb5\uff0c\u4f8b\u5982\u8054\u4ea4\u6240\u53c2\u4e0e\u8005\u540d\u79f0\u3001\u8d26\u6237\u540d\u79f0\u3001\u7a0b\u5e8f\u5316\u4ea4\u6613\u8f6f\u4ef6\u540d\u79f0\u7b49\uff0c\u53ef\u4ee5\u586b\u5199\u82f1\u6587\u3002\n\u4e09\u3001\u7a0b\u5e8f\u5316\u4ea4\u6613\u4fe1\u606f\u62a5\u544a\u8868\u586b\u5199\u89c4\u8303\u8981\u6c42"", ""sha256"": ""7a3ff27687a5ea18bdd171e2b5bc23d76888deb5af8ce3910c0eac82e8e405b5""}]",,,,,,,"The staged rule expressly permits English, but the scenario says only 'original foreign-language name' and identifies a French company without saying that the name itself is English. The materials provide no rule for non-English French-language names and no formal Yes/No/Unknown mapping for this ambiguity.",,,[],"The staged rule expressly permits English, but the scenario says only 'original foreign-language name' and identifies a French company without saying that the name itself is English. The materials provide no rule for non-English French-language names and no formal Yes/No/Unknown mapping for this ambiguity.",public solve-time truth is unavailable,The conclusion should correctly apply the staged permission concerning English software names to the client's proposed original foreign-language name.,null
verifier_v13_sse_label_canary,business_finance__sse_northbound_programmatic_trading_01,prep_verifier,0,error,0b8094d13a909fd6ff385e18d22636c4fcd942f138d83a06d7323892701c04d6,answer_text_semantic_quality_and_shortness,False,False,unverifiable,Every answer_text should be a short English explanation that accurately connects the cited evidence to the client inquiry.,1,"[{""locate_evidence"": ""quote and locator found"", ""located"": true, ""locator"": ""lines:20-25"", ""path"": ""input/task_brief.md"", ""quote"": ""For each question, provide:\n\n- `conclusion`: exactly `Yes`, `No`, or `Unknown`\n- `citation_document`: exact Simplified Chinese document name\n- `evidence_snippet`: exact Simplified Chinese excerpt copied from the staged materials\n- `answer_text`: short English explanation"", ""sha256"": ""c0d60c4a2d12c905edd06cfb03fee1ca8b1a9e3c4f1a44f56564db59b0ece91f""}]",,,,,,,"The materials specify no maximum length, English-language identification procedure, prescribed wording, or machine-verifiable semantic rubric. Keyword or word-count heuristics would introduce unstated thresholds and could not prove explanatory correctness.",,,[],"The materials specify no maximum length, English-language identification procedure, prescribed wording, or machine-verifiable semantic rubric. Keyword or word-count heuristics would introduce unstated thresholds and could not prove explanatory correctness.",public solve-time truth is unavailable,Every answer_text should be a short English explanation that accurately connects the cited evidence to the client inquiry.,null
verifier_v13_sse_label_canary,business_finance__sse_northbound_programmatic_trading_01,prep_verifier,0,error,0b8094d13a909fd6ff385e18d22636c4fcd942f138d83a06d7323892701c04d6,evidence_snippet_substantive_relevance,False,False,unverifiable,Each verbatim evidence snippet should substantively support the associated answer rather than merely occur somewhere in the cited document.,1,"[{""locate_evidence"": ""quote and locator found"", ""located"": true, ""locator"": ""lines:20-25"", ""path"": ""input/task_brief.md"", ""quote"": ""For each question, provide:\n\n- `conclusion`: exactly `Yes`, `No`, or `Unknown`\n- `citation_document`: exact Simplified Chinese document name\n- `evidence_snippet`: exact Simplified Chinese excerpt copied from the staged materials\n- `answer_text`: short English explanation"", ""sha256"": ""c0d60c4a2d12c905edd06cfb03fee1ca8b1a9e3c4f1a44f56564db59b0ece91f""}]",,,,,,,"Exact textual provenance is deterministic and tested, but semantic support cannot be proved by substring matching. The public materials provide no required sentence boundaries, minimum excerpt length, or exhaustive list of acceptable excerpts, so freezing one exact passage would reject other valid excerpts.",,,[],"Exact textual provenance is deterministic and tested, but semantic support cannot be proved by substring matching. The public materials provide no required sentence boundaries, minimum excerpt length, or exhaustive list of acceptable excerpts, so freezing one exact passage would reject other valid excerpts.",public solve-time truth is unavailable,Each verbatim evidence snippet should substantively support the associated answer rather than merely occur somewhere in the cited document.,null
verifier_v13_sse_label_canary,business_finance__sse_northbound_programmatic_trading_01,verifier,0,error,b37f5fc60fd71d6d773ec5dbb21bbd0ad39d8fb9b783d698197eb2bbce753d23,required_json_file_and_question_keys,True,False,error,"The output directory must contain exactly one top-level JSON file named research_answers.json, and that file must be valid JSON containing all three required top-level question keys.",3,"[{""locate_evidence"": ""quote and locator found"", ""located"": true, ""locator"": ""lines:16-25"", ""path"": ""input/task_brief.md"", ""quote"": ""## Deliverable\n\nWrite exactly one JSON file to `output/research_answers.json`.\n\nFor each question, provide:\n\n- `conclusion`: exactly `Yes`, `No`, or `Unknown`\n- `citation_document`: exact Simplified Chinese document name\n- `evidence_snippet`: exact Simplified Chinese excerpt copied from the staged materials\n- `answer_text`: short English explanation"", ""sha256"": ""c0d60c4a2d12c905edd06cfb03fee1ca8b1a9e3c4f1a44f56564db59b0ece91f""}, {""locate_evidence"": ""quote and locator found"", ""located"": true, ""locator"": ""/required_file"", ""path"": ""input/output_contract.json"", ""quote"": ""\""research_answers.json\"""", ""sha256"": ""1c67db889dd2a433993bfba00894ad063729c9762f1d1e50aaa36cbe0de9f873""}, {""locate_evidence"": ""quote and locator found"", ""located"": true, ""locator"": ""/required_top_level_keys"", ""path"": ""input/output_contract.json"", ""quote"": ""[\n    \""q1_multi_broker_reporting\"",\n    \""q2_hft_cost_calculation\"",\n    \""q3_software_naming\""\n  ]"", ""sha256"": ""1c67db889dd2a433993bfba00894ad063729c9762f1d1e50aaa36cbe0de9f873""}]",supported,"input/task_brief.md lines 16-25 requires exactly one JSON file at output/research_answers.json and specifies the per-question deliverable. input/output_contract.json defines required_file as research_answers.json and lists q1_multi_broker_reporting, q2_hft_cost_calculation, and q3_software_naming as required_top_level_keys. These sources directly support the expected filename, JSON-object structure, and required keys.",True,False,False,True,"Only top-level files with the .json suffix are counted for the exactly-one-JSON requirement. Additional non-JSON files are not addressed by this check. The required keys must be present, but this check does not prohibit extra object keys. The harness invocation is python3 checks/required_json_file_and_question_keys.py.",public_recompute,No task-native validator or software is staged; Python can deterministically inspect the output directory and parse the required JSON file.,"[""python3"", ""required_json_file_and_question_keys.py""]","checker audit: checks/required_json_file_and_question_keys.py reads VERIFIER_OUTPUT, enumerates only direct children matching out.glob(""*.json""), requires that list to equal [""research_answers.json""], parses that file, requires a dict, and checks the three keys. This implements the main direct-file and key checks, and public_recompute honestly describes the execution. However, it is partial with respect to the unqualified requirement to write exactly one JSON file: nested JSON files and files with other case variants of the JSON extension are not considered. More decisively, fixture preflight shows both valid and invalid runs were unusable because the script emits status values ""passed"" and ""failed"", which the harness rejects as invalid statuses; both fixtures therefore produced error rather than a reproducible pass/fail result.; fixture preflight: environment: isolated Python probe passed; valid fixture: run 1: ValueError: test stdout has an invalid status or empty evidence; run 2: ValueError: test stdout has an invalid status or empty evidence; captured run 1 stdout='{""analysis"": null, ""evidence"": {""required_file"": ""/tmp/ale-verifier-0637c76d1fc6/suite-077d040df1be4bef/fixtures/required_json_file_and_question_keys/valid/research_answers.json"", ""required_keys"": [""q1_multi_broker_reporting"", ""q2_hft_cost_calculation"", ""q3_software_naming""]}, ""observed"": {""errors"": [], ""json_files"": [""research_answers.json""]}, ""status"": ""passed""}\n' stderr=''; captured run 2 stdout='{""analysis"": null, ""evidence"": {""required_file"": ""/tmp/ale-verifier-0637c76d1fc6/suite-077d040df1be4bef/fixtures/required_json_file_and_question_keys/valid/research_answers.json"", ""required_keys"": [""q1_multi_broker_reporting"", ""q2_hft_cost_calculation"", ""q3_software_naming""]}, ""observed"": {""errors"": [], ""json_files"": [""research_answers.json""]}, ""status"": ""passed""}\n' stderr=''; invalid fixture: run 1: ValueError: test stdout has an invalid status or empty evidence; run 2: ValueError: test stdout has an invalid status or empty evidence; captured run 1 stdout='{""analysis"": null, ""evidence"": {""required_file"": ""/tmp/ale-verifier-0637c76d1fc6/suite-077d040df1be4bef/fixtures/required_json_file_and_question_keys/invalid/research_answers.json"", ""required_keys"": [""q1_multi_broker_reporting"", ""q2_hft_cost_calculation"", ""q3_software_naming""]}, ""observed"": {""errors"": [{""missing_top_level_keys"": [""q3_software_naming""]}], ""json_files"": [""research_answers.json""]}, ""status"": ""failed""}\n' stderr=''; captured run 2 stdout='{""analysis"": null, ""evidence"": {""required_file"": ""/tmp/ale-verifier-0637c76d1fc6/suite-077d040df1be4bef/fixtures/required_json_file_and_question_keys/invalid/research_answers.json"", ""required_keys"": [""q1_multi_broker_reporting"", ""q2_hft_cost_calculation"", ""q3_software_naming""]}, ""observed"": {""errors"": [{""missing_top_level_keys"": [""q3_software_naming""]}], ""json_files"": [""research_answers.json""]}, ""status"": ""failed""}\n' stderr=''",checker did not pass its pre-freeze gate,"Exactly one top-level .json file is observed, its name is research_answers.json, it parses as a JSON object, and q1_multi_broker_reporting, q2_hft_cost_calculation, and q3_software_naming are all present.",null
verifier_v13_sse_label_canary,business_finance__sse_northbound_programmatic_trading_01,verifier,0,error,b37f5fc60fd71d6d773ec5dbb21bbd0ad39d8fb9b783d698197eb2bbce753d23,required_fields_and_conclusion_enumeration,True,False,error,"Each required question object must contain conclusion, citation_document, evidence_snippet, and answer_text, and conclusion must be exactly Yes, No, or Unknown.",3,"[{""locate_evidence"": ""quote and locator found"", ""located"": true, ""locator"": ""/required_top_level_keys"", ""path"": ""input/output_contract.json"", ""quote"": ""[\n    \""q1_multi_broker_reporting\"",\n    \""q2_hft_cost_calculation\"",\n    \""q3_software_naming\""\n  ]"", ""sha256"": ""1c67db889dd2a433993bfba00894ad063729c9762f1d1e50aaa36cbe0de9f873""}, {""locate_evidence"": ""quote and locator found"", ""located"": true, ""locator"": ""/required_fields_per_question"", ""path"": ""input/output_contract.json"", ""quote"": ""[\n    \""conclusion\"",\n    \""citation_document\"",\n    \""evidence_snippet\"",\n    \""answer_text\""\n  ]"", ""sha256"": ""1c67db889dd2a433993bfba00894ad063729c9762f1d1e50aaa36cbe0de9f873""}, {""locate_evidence"": ""quote and locator found"", ""located"": true, ""locator"": ""/allowed_conclusions"", ""path"": ""input/output_contract.json"", ""quote"": ""[\n    \""Yes\"",\n    \""No\"",\n    \""Unknown\""\n  ]"", ""sha256"": ""1c67db889dd2a433993bfba00894ad063729c9762f1d1e50aaa36cbe0de9f873""}]",supported,"input/task_brief.md lines 20-25 requires conclusion, citation_document, evidence_snippet, and answer_text for each question, with conclusion exactly Yes, No, or Unknown. input/output_contract.json independently enumerates the same three question keys, the four required fields, and the three allowed conclusion strings. No conflicting public rule was located.",True,False,False,True,Presence of all four fields and exact membership of conclusion in the public enumeration are checked exhaustively for all three questions. The contract says the fields are required but does not prohibit additional fields. The harness invocation is python3 checks/required_fields_and_conclusion_enumeration.py.,public_recompute,The public output contract is a static JSON schema-like specification and can be checked deterministically without task software.,"[""python3"", ""required_fields_and_conclusion_enumeration.py""]","checker audit: checks/required_fields_and_conclusion_enumeration.py parses research_answers.json, loops over all three required question keys, requires each value to be a dict, computes missing fields from the four-field list, and tests conclusion membership in [""Yes"", ""No"", ""Unknown""]. Thus its substantive code path matches the narrowly stated presence-and-enumeration requirement, and public_recompute is honest. Nevertheless, fixture preflight reports checker_reproducible=false: the valid fixture printed status ""passed"" and the invalid fixture printed status ""failed"", but the harness treated both as invalid statuses and returned error. Consequently this blocking checker does not execute with a usable pass/fail protocol.; fixture preflight: environment: isolated Python probe passed; valid fixture: run 1: ValueError: test stdout has an invalid status or empty evidence; run 2: ValueError: test stdout has an invalid status or empty evidence; captured run 1 stdout='{""analysis"": null, ""evidence"": {""allowed_conclusions"": [""Yes"", ""No"", ""Unknown""], ""questions_checked"": [""q1_multi_broker_reporting"", ""q2_hft_cost_calculation"", ""q3_software_naming""], ""required_fields"": [""conclusion"", ""citation_document"", ""evidence_snippet"", ""answer_text""]}, ""observed"": {""errors"": []}, ""status"": ""passed""}\n' stderr=''; captured run 2 stdout='{""analysis"": null, ""evidence"": {""allowed_conclusions"": [""Yes"", ""No"", ""Unknown""], ""questions_checked"": [""q1_multi_broker_reporting"", ""q2_hft_cost_calculation"", ""q3_software_naming""], ""required_fields"": [""conclusion"", ""citation_document"", ""evidence_snippet"", ""answer_text""]}, ""observed"": {""errors"": []}, ""status"": ""passed""}\n' stderr=''; invalid fixture: run 1: ValueError: test stdout has an invalid status or empty evidence; run 2: ValueError: test stdout has an invalid status or empty evidence; captured run 1 stdout='{""analysis"": null, ""evidence"": {""allowed_conclusions"": [""Yes"", ""No"", ""Unknown""], ""questions_checked"": [""q1_multi_broker_reporting"", ""q2_hft_cost_calculation"", ""q3_software_naming""], ""required_fields"": [""conclusion"", ""citation_document"", ""evidence_snippet"", ""answer_text""]}, ""observed"": {""errors"": [{""allowed"": [""Yes"", ""No"", ""Unknown""], ""conclusion"": ""Maybe"", ""question"": ""q2_hft_cost_calculation""}]}, ""status"": ""failed""}\n' stderr=''; captured run 2 stdout='{""analysis"": null, ""evidence"": {""allowed_conclusions"": [""Yes"", ""No"", ""Unknown""], ""questions_checked"": [""q1_multi_broker_reporting"", ""q2_hft_cost_calculation"", ""q3_software_naming""], ""required_fields"": [""conclusion"", ""citation_document"", ""evidence_snippet"", ""answer_text""]}, ""observed"": {""errors"": [{""allowed"": [""Yes"", ""No"", ""Unknown""], ""conclusion"": ""Maybe"", ""question"": ""q2_hft_cost_calculation""}]}, ""status"": ""failed""}\n' stderr=''",checker did not pass its pre-freeze gate,"Every required question value is a JSON object containing all four required fields, and every conclusion value is exactly one of Yes, No, or Unknown.",null
verifier_v13_sse_label_canary,business_finance__sse_northbound_programmatic_trading_01,verifier,0,error,b37f5fc60fd71d6d773ec5dbb21bbd0ad39d8fb9b783d698197eb2bbce753d23,citation_document_is_staged_chinese_name,True,False,error,Each citation_document must be an exact Simplified Chinese name of a source document staged in the public document manifest.,11,"[{""locate_evidence"": ""quote and locator found"", ""located"": true, ""locator"": ""lines:20-25"", ""path"": ""input/task_brief.md"", ""quote"": ""For each question, provide:\n\n- `conclusion`: exactly `Yes`, `No`, or `Unknown`\n- `citation_document`: exact Simplified Chinese document name\n- `evidence_snippet`: exact Simplified Chinese excerpt copied from the staged materials\n- `answer_text`: short English explanation"", ""sha256"": ""c0d60c4a2d12c905edd06cfb03fee1ca8b1a9e3c4f1a44f56564db59b0ece91f""}, {""locate_evidence"": ""quote and locator found"", ""located"": true, ""locator"": ""/0/citation_aliases"", ""path"": ""input/document_manifest.json"", ""quote"": ""[\n      \""\u4e0a\u6d77\u8bc1\u5238\u4ea4\u6613\u6240\u6caa\u80a1\u901a\u6295\u8d44\u8005\u7a0b\u5e8f\u5316\u4ea4\u6613\u4fe1\u606f\u62a5\u544a\u8868\"",\n      \""1-1\uff1a\u4e0a\u6d77\u8bc1\u5238\u4ea4\u6613\u6240\u6caa\u80a1\u901a\u6295\u8d44\u8005\u7a0b\u5e8f\u5316\u4ea4\u6613\u4fe1\u606f\u62a5\u544a\u8868\""\n    ]"", ""sha256"": ""6adc29244619a761e13670595e130100b7a9bae8d3e9328e97027c9fa89e3e81""}, {""locate_evidence"": ""quote and locator found"", ""located"": true, ""locator"": ""/1/citation_aliases"", ""path"": ""input/document_manifest.json"", ""quote"": ""[\n      \""\u300a\u4e0a\u6d77\u8bc1\u5238\u4ea4\u6613\u6240\u6caa\u80a1\u901a\u6295\u8d44\u8005\u7a0b\u5e8f\u5316\u4ea4\u6613\u4fe1\u606f\u62a5\u544a\u8868\u300b\u586b\u62a5\u8bf4\u660e\"",\n      \""1-2\uff1a\u300a\u4e0a\u6d77\u8bc1\u5238\u4ea4\u6613\u6240\u6caa\u80a1\u901a\u6295\u8d44\u8005\u7a0b\u5e8f\u5316\u4ea4\u6613\u4fe1\u606f\u62a5\u544a\u8868\u300b\u586b\u62a5\u8bf4\u660e\""\n    ]"", ""sha256"": ""6adc29244619a761e13670595e130100b7a9bae8d3e9328e97027c9fa89e3e81""}, {""locate_evidence"": ""quote and locator found"", ""located"": true, ""locator"": ""/2/citation_aliases"", ""path"": ""input/document_manifest.json"", ""quote"": ""[\n      \""\u4e0a\u6d77\u8bc1\u5238\u4ea4\u6613\u6240\u6caa\u80a1\u901a\u6295\u8d44\u8005\u7a0b\u5e8f\u5316\u4ea4\u6613\u62a5\u544a\u4fe1\u606f\u586b\u62a5\u6ce8\u610f\u4e8b\u9879\"",\n      \""1-3\uff1a\u4e0a\u6d77\u8bc1\u5238\u4ea4\u6613\u6240\u6caa\u80a1\u901a\u6295\u8d44\u8005\u7a0b\u5e8f\u5316\u4ea4\u6613\u62a5\u544a\u4fe1\u606f\u586b\u62a5\u6ce8\u610f\u4e8b\u9879\""\n    ]"", ""sha256"": ""6adc29244619a761e13670595e130100b7a9bae8d3e9328e97027c9fa89e3e81""}, {""locate_evidence"": ""quote and locator found"", ""located"": true, ""locator"": ""/3/citation_aliases"", ""path"": ""input/document_manifest.json"", ""quote"": ""[\n      \""\u300a\u4e0a\u6d77\u8bc1\u5238\u4ea4\u6613\u6240\u4ea4\u6613\u89c4\u5219\uff082023\u5e74\u4fee\u8ba2\uff09\u300b\u6682\u7f13\u5b9e\u65bd\u6761\u6587\""\n    ]"", ""sha256"": ""6adc29244619a761e13670595e130100b7a9bae8d3e9328e97027c9fa89e3e81""}, {""locate_evidence"": ""quote and locator found"", ""located"": true, ""locator"": ""/4/citation_aliases"", ""path"": ""input/document_manifest.json"", ""quote"": ""[\n      \""\u300a\u4e0a\u6d77\u8bc1\u5238\u4ea4\u6613\u6240\u4ea4\u6613\u89c4\u5219\uff082023\u5e74\u4fee\u8ba2\uff09\u300b\u8d77\u8349\u8bf4\u660e\""\n    ]"", ""sha256"": ""6adc29244619a761e13670595e130100b7a9bae8d3e9328e97027c9fa89e3e81""}, {""locate_evidence"": ""quote and locator found"", ""located"": true, ""locator"": ""/5/citation_aliases"", ""path"": ""input/document_manifest.json"", ""quote"": ""[\n      \""\u300a\u4e0a\u6d77\u8bc1\u5238\u4ea4\u6613\u6240\u8bc1\u5238\u4ea4\u6613\u89c4\u5219\u9002\u7528\u6307\u5f15\u7b2c2\u53f7\u2014\u2014\u6caa\u80a1\u901a\u6295\u8d44\u8005\u7a0b\u5e8f\u5316\u4ea4\u6613\u62a5\u544a\u300b\u8d77\u8349\u8bf4\u660e\""\n    ]"", ""sha256"": ""6adc29244619a761e13670595e130100b7a9bae8d3e9328e97027c9fa89e3e81""}, {""locate_evidence"": ""quote and locator found"", ""located"": true, ""locator"": ""/6/citation_aliases"", ""path"": ""input/document_manifest.json"", ""quote"": ""[\n      \""\u4e0a\u6d77\u8bc1\u5238\u4ea4\u6613\u6240\u4ea4\u6613\u89c4\u5219\uff082023\u5e74\u4fee\u8ba2\uff09\""\n    ]"", ""sha256"": ""6adc29244619a761e13670595e130100b7a9bae8d3e9328e97027c9fa89e3e81""}, {""locate_evidence"": ""quote and locator found"", ""located"": true, ""locator"": ""/7/citation_aliases"", ""path"": ""input/document_manifest.json"", ""quote"": ""[\n      \""\u4e0a\u6d77\u8bc1\u5238\u4ea4\u6613\u6240\u7a0b\u5e8f\u5316\u4ea4\u6613\u7ba1\u7406\u5b9e\u65bd\u7ec6\u5219\""\n    ]"", ""sha256"": ""6adc29244619a761e13670595e130100b7a9bae8d3e9328e97027c9fa89e3e81""}, {""locate_evidence"": ""quote and locator found"", ""located"": true, ""locator"": ""/8/citation_aliases"", ""path"": ""input/document_manifest.json"", ""quote"": ""[\n      \""\u4e0a\u6d77\u8bc1\u5238\u4ea4\u6613\u6240\u8bc1\u5238\u4ea4\u6613\u89c4\u5219\u9002\u7528\u6307\u5f15\u7b2c2\u53f7\u2014\u2014\u6caa\u80a1\u901a\u6295\u8d44\u8005\u7a0b\u5e8f\u5316\u4ea4\u6613\u62a5\u544a\""\n    ]"", ""sha256"": ""6adc29244619a761e13670595e130100b7a9bae8d3e9328e97027c9fa89e3e81""}, {""locate_evidence"": ""quote and locator found"", ""located"": true, ""locator"": ""/9/citation_aliases"", ""path"": ""input/document_manifest.json"", ""quote"": ""[\n      \""\u540c\u6b65\u5e9f\u6b62\u7684\u4e1a\u52a1\u89c4\u5219\u6e05\u5355\""\n    ]"", ""sha256"": ""6adc29244619a761e13670595e130100b7a9bae8d3e9328e97027c9fa89e3e81""}]",supported,"input/task_brief.md lines 20-25 requires citation_document to be the exact Simplified Chinese document name. input/document_manifest.json supplies citation_aliases for each of the ten staged source documents, totaling the 13 strings embedded by the checker. The manifest therefore directly supports exact membership in that staged alias set.",True,False,False,True,"The manifest's citation_aliases enumerate the staged exact names accepted by this check. Every required question is checked. This check validates the document name only, not whether the selected document substantively supports the answer. The harness invocation is python3 checks/citation_document_is_staged_chinese_name.py.",public_recompute,"The complete public alias enumeration is available in document_manifest.json, so exact string membership can be checked deterministically.","[""python3"", ""citation_document_is_staged_chinese_name.py""]","checker audit: checks/citation_document_is_staged_chinese_name.py parses research_answers.json, visits all three required questions, extracts citation_document, and requires exact Python string membership in a hard-coded 13-element set matching document_manifest.json. It intentionally does not test whether the selected document supports the answer; that is consistent with this check's narrow document-name requirement, and public_recompute accurately describes the operation. However, fixture preflight found the checker non-reproducible under the harness: valid and invalid fixtures emitted ""passed"" and ""failed"" respectively, but both statuses were rejected and surfaced as error. The blocking checker therefore cannot reliably enforce the requirement in its staged execution path.; fixture preflight: environment: isolated Python probe passed; valid fixture: run 1: ValueError: test stdout has an invalid status or empty evidence; run 2: ValueError: test stdout has an invalid status or empty evidence; captured run 1 stdout='{""analysis"": null, ""evidence"": {""alias_count"": 13, ""questions_checked"": [""q1_multi_broker_reporting"", ""q2_hft_cost_calculation"", ""q3_software_naming""]}, ""observed"": {""citations"": {""q1_multi_broker_reporting"": ""《上海证券交易所沪股通投资者程序化交易信息报告表》填报说明"", ""q2_hft_cost_calculation"": ""上海证券交易所程序化交易管理实施细则"", ""q3_software_naming"": ""上海证券交易所沪股通投资者程序化交易报告信息填报注意事项""}, ""errors"": []}, ""status"": ""passed""}\n' stderr=''; captured run 2 stdout='{""analysis"": null, ""evidence"": {""alias_count"": 13, ""questions_checked"": [""q1_multi_broker_reporting"", ""q2_hft_cost_calculation"", ""q3_software_naming""]}, ""observed"": {""citations"": {""q1_multi_broker_reporting"": ""《上海证券交易所沪股通投资者程序化交易信息报告表》填报说明"", ""q2_hft_cost_calculation"": ""上海证券交易所程序化交易管理实施细则"", ""q3_software_naming"": ""上海证券交易所沪股通投资者程序化交易报告信息填报注意事项""}, ""errors"": []}, ""status"": ""passed""}\n' stderr=''; invalid fixture: run 1: ValueError: test stdout has an invalid status or empty evidence; run 2: ValueError: test stdout has an invalid status or empty evidence; captured run 1 stdout='{""analysis"": null, ""evidence"": {""alias_count"": 13, ""questions_checked"": [""q1_multi_broker_reporting"", ""q2_hft_cost_calculation"", ""q3_software_naming""]}, ""observed"": {""citations"": {""q1_multi_broker_reporting"": ""《上海证券交易所沪股通投资者程序化交易信息报告表》填报说明"", ""q2_hft_cost_calculation"": ""上海证券交易所程序化交易管理实施细则"", ""q3_software_naming"": ""不存在的监管文件""}, ""errors"": [{""citation_document"": ""不存在的监管文件"", ""error"": ""not an exact staged citation alias"", ""question"": ""q3_software_naming""}]}, ""status"": ""failed""}\n' stderr=''; captured run 2 stdout='{""analysis"": null, ""evidence"": {""alias_count"": 13, ""questions_checked"": [""q1_multi_broker_reporting"", ""q2_hft_cost_calculation"", ""q3_software_naming""]}, ""observed"": {""citations"": {""q1_multi_broker_reporting"": ""《上海证券交易所沪股通投资者程序化交易信息报告表》填报说明"", ""q2_hft_cost_calculation"": ""上海证券交易所程序化交易管理实施细则"", ""q3_software_naming"": ""不存在的监管文件""}, ""errors"": [{""citation_document"": ""不存在的监管文件"", ""error"": ""not an exact staged citation alias"", ""question"": ""q3_software_naming""}]}, ""status"": ""failed""}\n' stderr=''",checker did not pass its pre-freeze gate,"For all three questions, citation_document exactly equals one of the manifest citation aliases.",null
verifier_v13_sse_label_canary,business_finance__sse_northbound_programmatic_trading_01,verifier,0,error,b37f5fc60fd71d6d773ec5dbb21bbd0ad39d8fb9b783d698197eb2bbce753d23,q1_semantic_conclusion,False,False,unverifiable,A conclusion label that correctly represents the answer to the multi-broker leverage-scale proposition.,2,"[{""locate_evidence"": ""quote and locator found"", ""located"": true, ""locator"": ""/questions/0"", ""path"": ""input/question_set.json"", ""quote"": ""{\n      \""key\"": \""q1_multi_broker_reporting\"",\n      \""question\"": \""Does a Hong Kong investor with three Northbound accounts under one LEI need to report leverage scale separately through each broker?\"",\n      \""allowed_conclusions\"": [\n        \""Yes\"",\n        \""No\"",\n        \""Unknown\""\n      ]\n    }"", ""sha256"": ""95f0c98b68c9bca2a4a117992b5cc881e501f73e24fa672da48ccf71c1482476""}, {""locate_evidence"": ""quote and locator found"", ""located"": true, ""locator"": ""lines:15-16"", ""path"": ""input/extracted_text/1-2_\u586b\u62a5\u8bf4\u660e.txt"", ""quote"": ""\u6caa\u80a1\u901a\u7a0b\u5e8f\u5316\u4ea4\u6613\u6295\u8d44\u8005\u4ee5\u5317\u5411\u4ea4\u6613\u6295\u8d44\u8005\u8bc6\u522b\u7801\uff08BCAN\u7801\uff0c\u4ee5\u4e0b\u7b80\u79f0\u8d26\u6237\uff09\u4e3a\u5355\u4f4d\u8fdb\u884c\u62a5\u544a\uff0c\u539f\u5219\u4e0a\u6bcf\u4e2a\u8d26\u6237\u62a5\u544a\u4e00\u6761\u4fe1\u606f\u3002\u6240\u6709\u5f00\u7acb\u8d26\u6237\u7684\u6295\u8d44\u8005\uff0c\u5305\u62ec\u4f46\u4e0d\u9650\u4e8e\u8054\u4ea4\u6240\u53c2\u4e0e\u8005\uff08\u542b\u8054\u5c5e\u516c\u53f8\uff09\u53ca\u5176\u5ba2\u6237\uff0c\u5bf9\u4e8e\u7b26\u5408\u76f8\u5173\u8981\u6c42\u7684\u8d26\u6237\u5747\u987b\u5c65\u884c\u62a5\u544a\u4e49\u52a1\u3002\u6295\u8d44\u8005\u5728\u4e0d\u540c\u8054\u4ea4\u6240\u53c2\u4e0e\u8005\u5f00\u7acb\u591a\u4e2a\u8d26\u6237\uff0c\u5e94\u5f53\u901a\u8fc7\u5bf9\u5e94\u8054\u4ea4\u6240\u53c2\u4e0e\u8005\u5206\u522b\u62a5\u544a\u3002\n\u5728\u591a\u5bb6\u8054\u4ea4\u6240\u53c2\u4e0e\u8005\u5f00\u7acb\u8d26\u6237\uff08\u542b\u673a\u6784\u7ba1\u7406\u4eba\u8d26\u6237\u3001\u7ba1\u7406\u4eba\u65d7\u4e0b\u7684\u4ea7\u54c1\u8d26\u6237\uff09\u7684\u673a\u6784\u6295\u8d44\u8005\uff0c\u5bf9\u4e8e\u4ee5\u540c\u4e00\u8bc1\u4ef6\u53f7\u7801\u5f00\u7acb\u7684\u8d26\u6237\uff0c\u53ef\u4ee5\u9009\u53d6\u4e00\u5bb6\u8054\u4ea4\u6240\u53c2\u4e0e\u8005\u5e76\u6309\u673a\u6784\u7ef4\u5ea6\uff08\u540c\u4e00\u8bc1\u4ef6\u53f7\u7801\u4e0b\u5f00\u7acb\u7684\u8d26\u6237\u5408\u8ba1\uff09\u586b\u5199\u8d26\u6237\u8d44\u91d1\u4fe1\u606f\u76f8\u5173\u5b57\u6bb5\uff08\u5305\u62ec\u8d26\u6237\u8d44\u91d1\u89c4\u6a21\u3001\u8d26\u6237\u8d44\u91d1\u6765\u6e90\u3001\u5176\u4ed6\u8d44\u91d1\u6765\u6e90\u63cf\u8ff0\u3001\u8d44\u91d1\u6765\u6e90\u5360\u6bd4\u3001\u6760\u6746\u8d44\u91d1\u89c4\u6a21\u3001\u6760\u6746\u8d44\u91d1\u6765\u6e90\u3001\u5176\u4ed6\u6760\u6746\u8d44\u91d1\u6765\u6e90\u63cf\u8ff0\u3001\u6760\u6746\u7387\uff09\u3002\u5176\u4ee5\u540c\u4e00\u8bc1\u4ef6\u53f7\u7801\u5728\u5176\u4ed6\u8054\u4ea4\u6240\u53c2\u4e0e\u8005\u5f00\u7acb\u7684\u8d26\u6237\uff0c\u4e0d\u518d\u91cd\u590d\u586b\u5199\u4e0a\u8ff0\u4fe1\u606f\uff0c\u5e76\u5728\u76f8\u5e94\u5b57\u6bb5\u586b\u5199\u201c\u5df2\u5728\u5176\u4ed6\u8054\u4ea4\u6240\u53c2\u4e0e\u8005\u62a5\u544a\u201d\uff0c\u4e0a\u8ff0\u5b57\u6bb5\u4ee5\u5916\u7684\u5176\u4ed6\u5b57\u6bb5\u4ecd\u987b\u6309\u7167\u8981\u6c42\u586b\u5199\u3002"", ""sha256"": ""66b4ac87a58daaf0469b82dc9d61c2b29c47981e3accc89953f1125aef020d46""}]",,,,,,,"The public rule supplies the substantive reporting rule and the question supplies the allowed labels, but no public source formally defines how this proposition maps to Yes, No, or Unknown. Ordinary yes/no convention cannot be used to freeze an enumerated expected label under the test-builder rules.",,,[],"The public rule supplies the substantive reporting rule and the question supplies the allowed labels, but no public source formally defines how this proposition maps to Yes, No, or Unknown. Ordinary yes/no convention cannot be used to freeze an enumerated expected label under the test-builder rules.",public solve-time truth is unavailable,A conclusion label that correctly represents the answer to the multi-broker leverage-scale proposition.,null
verifier_v13_sse_label_canary,business_finance__sse_northbound_programmatic_trading_01,verifier,0,error,b37f5fc60fd71d6d773ec5dbb21bbd0ad39d8fb9b783d698197eb2bbce753d23,q2_semantic_conclusion,False,False,unverifiable,A conclusion label that correctly represents whether the staged rules provide the requested numerical flow-fee and cancellation-fee amounts.,2,"[{""locate_evidence"": ""quote and locator found"", ""located"": true, ""locator"": ""/questions/1"", ""path"": ""input/question_set.json"", ""quote"": ""{\n      \""key\"": \""q2_hft_cost_calculation\"",\n      \""question\"": \""For a high-frequency trading team with more than 20,000 daily orders, what are the specific numerical amounts of the flow fee and cancellation fee in the provided rules?\"",\n      \""allowed_conclusions\"": [\n        \""Yes\"",\n        \""No\"",\n        \""Unknown\""\n      ]\n    }"", ""sha256"": ""95f0c98b68c9bca2a4a117992b5cc881e501f73e24fa672da48ccf71c1482476""}, {""locate_evidence"": ""quote and locator found"", ""located"": true, ""locator"": ""lines:115-116"", ""path"": ""input/extracted_text/\u7a0b\u5e8f\u5316\u4ea4\u6613\u7ba1\u7406\u5b9e\u65bd\u7ec6\u5219.txt"", ""quote"": ""\u7b2c\u4e09\u5341\u4e03\u6761 \u672c\u6240\u53ef\u4ee5\u5bf9\u9ad8\u9891\u4ea4\u6613\u5b9e\u65bd\u5dee\u5f02\u5316\u6536\u8d39\uff0c\u6839\u636e\u7533\u62a5\u3001\u64a4\u5355\u7684\u7b14\u6570\u548c\u9891\u7387\u7b49\u6307\u6807\u8bbe\u7f6e\u6536\u8d39\u6807\u51c6\uff0c\u52a0\u6536\u6d41\u91cf\u8d39\u548c\u64a4\u5355\u8d39\u7b49\u8d39\u7528\u3002\u5177\u4f53\u6536\u8d39\u6807\u51c6\u7531\u672c\u6240\u53e6\u884c\u89c4\u5b9a\u3002\n\u4f1a\u5458\u5e94\u5f53\u52a0\u5f3a\u6536\u8d39\u7ba1\u7406\uff0c\u786e\u4fdd\u5dee\u5f02\u5316\u8d39\u7528\u6210\u672c\u7531\u5b58\u5728\u9ad8\u9891\u4ea4\u6613\u7684\u6295\u8d44\u8005\u627f\u62c5\u3002"", ""sha256"": ""46d3b5beaf2eb6334ded0cfd02be87fc3c8b165076faee785fc2d3c019bf332c""}]",,,,,,,"The staged provision says the specific charging standards are prescribed separately, but the public materials do not formally map that fact to one of Yes, No, or Unknown. Freezing a label would therefore rely on ordinary-language convention.",,,[],"The staged provision says the specific charging standards are prescribed separately, but the public materials do not formally map that fact to one of Yes, No, or Unknown. Freezing a label would therefore rely on ordinary-language convention.",public solve-time truth is unavailable,A conclusion label that correctly represents whether the staged rules provide the requested numerical flow-fee and cancellation-fee amounts.,null
verifier_v13_sse_label_canary,business_finance__sse_northbound_programmatic_trading_01,verifier,0,error,b37f5fc60fd71d6d773ec5dbb21bbd0ad39d8fb9b783d698197eb2bbce753d23,q3_semantic_conclusion,False,False,unverifiable,A conclusion label that correctly represents whether an original French-language software name alone is permitted.,2,"[{""locate_evidence"": ""quote and locator found"", ""located"": true, ""locator"": ""/questions/2"", ""path"": ""input/question_set.json"", ""quote"": ""{\n      \""key\"": \""q3_software_naming\"",\n      \""question\"": \""If a French company uses home-grown software with no Chinese name, can it report using only the original foreign-language name?\"",\n      \""allowed_conclusions\"": [\n        \""Yes\"",\n        \""No\"",\n        \""Unknown\""\n      ]\n    }"", ""sha256"": ""95f0c98b68c9bca2a4a117992b5cc881e501f73e24fa672da48ccf71c1482476""}, {""locate_evidence"": ""quote and locator found"", ""located"": true, ""locator"": ""lines:36-37"", ""path"": ""input/extracted_text/1-3_\u586b\u62a5\u6ce8\u610f\u4e8b\u9879.txt"", ""quote"": ""\u4e8c\u3001\u7a0b\u5e8f\u5316\u4ea4\u6613\u62a5\u544a\u8bed\u8a00\u8981\u6c42\n\u5bf9\u4e8e\u63cf\u8ff0\u7c7b\u5b57\u6bb5\uff08\u5176\u4ed6\u8d44\u91d1\u6765\u6e90\u63cf\u8ff0\u3001\u5176\u4ed6\u6760\u6746\u8d44\u91d1\u6765\u6e90\u63cf\u8ff0\u3001\u4e3b\u7b56\u7565\u6982\u8ff0\u3001\u8f85\u7b56\u7565\u6982\u8ff0\u3001\u6307\u4ee4\u6267\u884c\u65b9\u5f0f\u6982\u8ff0\u7b49\uff09\u4ee5\u53ca\u9ad8\u9891\u4ea4\u6613\u7cfb\u7edf\u6d4b\u8bd5\u62a5\u544a\u53ca\u6545\u969c\u5e94\u6025\u65b9\u6848\uff0c\u586b\u62a5\u8bed\u8a00\u539f\u5219\u4e0a\u4e3a\u7b80\u4f53\u4e2d\u6587\u3002\u5bf9\u4e8e\u4e2a\u522b\u96be\u4ee5\u786e\u5b9a\u7edf\u4e00\u4e2d\u6587\u8868\u8ff0\u7684\u5b57\u6bb5\uff0c\u4f8b\u5982\u8054\u4ea4\u6240\u53c2\u4e0e\u8005\u540d\u79f0\u3001\u8d26\u6237\u540d\u79f0\u3001\u7a0b\u5e8f\u5316\u4ea4\u6613\u8f6f\u4ef6\u540d\u79f0\u7b49\uff0c\u53ef\u4ee5\u586b\u5199\u82f1\u6587\u3002"", ""sha256"": ""7a3ff27687a5ea18bdd171e2b5bc23d76888deb5af8ce3910c0eac82e8e405b5""}]",,,,,,,"The public language rule expressly permits English for software-name fields that lack a uniform Chinese expression, while the question refers more broadly to an original foreign-language name. The materials neither define the original name as English nor formally map this circumstance to Yes, No, or Unknown.",,,[],"The public language rule expressly permits English for software-name fields that lack a uniform Chinese expression, while the question refers more broadly to an original foreign-language name. The materials neither define the original name as English nor formally map this circumstance to Yes, No, or Unknown.",public solve-time truth is unavailable,A conclusion label that correctly represents whether an original French-language software name alone is permitted.,null
verifier_v13_sse_label_canary,business_finance__sse_northbound_programmatic_trading_01,verifier,0,error,b37f5fc60fd71d6d773ec5dbb21bbd0ad39d8fb9b783d698197eb2bbce753d23,evidence_snippet_exactness_and_substantive_support,False,False,unverifiable,Every evidence_snippet is an exact contiguous Simplified Chinese excerpt from its cited staged document and substantively supports the corresponding answer.,1,"[{""locate_evidence"": ""quote and locator found"", ""located"": true, ""locator"": ""lines:20-25"", ""path"": ""input/task_brief.md"", ""quote"": ""For each question, provide:\n\n- `conclusion`: exactly `Yes`, `No`, or `Unknown`\n- `citation_document`: exact Simplified Chinese document name\n- `evidence_snippet`: exact Simplified Chinese excerpt copied from the staged materials\n- `answer_text`: short English explanation"", ""sha256"": ""c0d60c4a2d12c905edd06cfb03fee1ca8b1a9e3c4f1a44f56564db59b0ece91f""}]",,,,,,,"A sound universal checker must allow any applicable excerpt from any staged document selected by the Writer. Freezing all possible excerpts would require complete coverage of every long extracted-text file, which cannot be cited within the per-source 50-line and per-check 12-source limits. Checking only selected canonical snippets would impose an unstated source choice.",,,[],"A sound universal checker must allow any applicable excerpt from any staged document selected by the Writer. Freezing all possible excerpts would require complete coverage of every long extracted-text file, which cannot be cited within the per-source 50-line and per-check 12-source limits. Checking only selected canonical snippets would impose an unstated source choice.",public solve-time truth is unavailable,Every evidence_snippet is an exact contiguous Simplified Chinese excerpt from its cited staged document and substantively supports the corresponding answer.,null
verifier_v13_sse_label_canary,business_finance__sse_northbound_programmatic_trading_01,verifier,0,error,b37f5fc60fd71d6d773ec5dbb21bbd0ad39d8fb9b783d698197eb2bbce753d23,answer_text_short_english_explanation,False,False,unverifiable,Each answer_text is a short English explanation of its conclusion.,1,"[{""locate_evidence"": ""quote and locator found"", ""located"": true, ""locator"": ""lines:20-25"", ""path"": ""input/task_brief.md"", ""quote"": ""For each question, provide:\n\n- `conclusion`: exactly `Yes`, `No`, or `Unknown`\n- `citation_document`: exact Simplified Chinese document name\n- `evidence_snippet`: exact Simplified Chinese excerpt copied from the staged materials\n- `answer_text`: short English explanation"", ""sha256"": ""c0d60c4a2d12c905edd06cfb03fee1ca8b1a9e3c4f1a44f56564db59b0ece91f""}]",,,,,,,"The public materials specify no maximum length or deterministic definition of English text. A character-count threshold or ASCII-only heuristic would add an unstated requirement, while semantic explanatory adequacy has no frozen public validator.",,,[],"The public materials specify no maximum length or deterministic definition of English text. A character-count threshold or ASCII-only heuristic would add an unstated requirement, while semantic explanatory adequacy has no frozen public validator.",public solve-time truth is unavailable,Each answer_text is a short English explanation of its conclusion.,null
