date,run,protocol,task,base,prep,third_factor,third,combined,interpretation
2026-07-18,task_prep_v1,task-specific-prep-v1,BPMN supply,0.8395,0.8219,skills,0.8352,0.8505,"Historical base was not concurrent"
2026-07-18,task_prep_v1,task-specific-prep-v1,Legal M&A,0,0,skills,0,0,"All arms missed the target"
2026-07-18,task_prep_v1,task-specific-prep-v1,SEC 10-K,0.6916,0.7058,skills,0.6494,0.6953,"Historical base was not concurrent"
2026-07-18,task_prep_v1,task-specific-prep-v1,CT geometry,1,0,skills,0,0,"Historical base found the 359.999-degree branch"
2026-07-18,task_prep_v1,task-specific-prep-v1,FluSight,0.6630,0.7745,skills,0.6498,0.7399,"Historical base was not concurrent"
2026-07-18,task_prep_v1,task-specific-prep-v1,TCGA,0.84,0.985,skills,1,0.84,"Hidden parser shape caused part of the difference"
2026-07-18,task_prep_v1,task-specific-prep-v1,Variant,0.999,0.793,skills,0.999,0.793,"Prep substituted normalized VEP allele for submitted ALT"
2026-07-18,task_prep_v1,task-specific-prep-v1,Agora,0.4830,0.4820,skills,0.5130,0.3496,"Historical base was not concurrent"
2026-07-19,task_prep_skills_v2,task-prep-v5,BPMN supply,0.8252,0.8405,skills,0.8195,0.8152,"Same-protocol k=1"
2026-07-19,task_prep_skills_v2,task-prep-v5,Legal M&A,0,0,skills,0,0,"Same-protocol k=1"
2026-07-19,task_prep_skills_v2,task-prep-v5,SEC 10-K,0.6394,0.6313,skills,0.6289,0.5954,"Schema was saturated; financial-value accuracy remained weak"
2026-07-19,task_prep_skills_v2,task-prep-v5,CT geometry,0,0,skills,0,0,"All arms missed the endpoint branch"
2026-07-19,task_prep_skills_v2,task-prep-v5,FluSight,0.7757,0.7172,skills,0.7173,0.6861,"All outputs passed schema; outcome quality fell"
2026-07-19,task_prep_skills_v2,task-prep-v5,TCGA,0.84,0.84,skills,0.84,0.84,"Earlier skill uplift did not repeat"
2026-07-19,task_prep_skills_v2,task-prep-v5,Variant,0.999,0.793,skills,0.999,0.793,"Stable prep regression"
2026-07-19,task_prep_skills_v2,task-prep-v5,Agora,0.4806,0.6681,skills,0.6476,0.3511,"Narrow positive single arms; combined regressed"
2026-07-19,verifier_smoke,task-prep-v7 + public-verifier-v4,SEC 10-K,0.6973,0.6971,verifier,0.6919,0.6319,"Audit-only verifier"
2026-07-19,verifier_smoke,task-prep-v7 + public-verifier-v4,CT geometry,0,0,verifier,0,0,"Verifier correctly measured SSIM below threshold"
2026-07-19,verifier_smoke,task-prep-v7 + public-verifier-v4,FluSight,0.7653,0.6817,verifier,0.7160,0.6011,"Future outcome was unverifiable"
2026-07-19,verifier_smoke,task-prep-v7 + public-verifier-v4,TCGA,0.84,1,verifier,0.84,0.84,"Prep gain was one rollout; verifier exposed 15/16 conflict"
2026-07-19,verifier_smoke,task-prep-v7 + public-verifier-v4,Variant,0.999,0.999,verifier,0.999,0.999,"No prep regression in this rollout"
2026-07-19,verifier_compare,task-prep-v7 + public-verifier-v4,BPMN supply,0.8229,0.8705,verifier,0.8538,0.8538,"Endpoints were confounded by arm"
2026-07-19,verifier_compare,task-prep-v7 + public-verifier-v4,Legal M&A,0,0,verifier,0,0,"Exact-contiguous quote false positive"
2026-07-19,verifier_compare,task-prep-v7 + public-verifier-v4,SEC 10-K,0.7058,0.7424,verifier,0.6482,0.5988,"Endpoints were confounded by arm"
2026-07-19,verifier_compare,task-prep-v7 + public-verifier-v4,CT geometry,0,0,verifier,0,0,"Audit correctly reported SSIM failure"
2026-07-19,verifier_compare,task-prep-v7 + public-verifier-v4,FluSight,0.7695,0.7047,verifier,0.6569,0.7068,"Audit-only verifier"
2026-07-19,verifier_compare,task-prep-v7 + public-verifier-v4,TCGA,0.84,0.84,verifier,0.84,0.84,"15/16 false positive repeated"
2026-07-19,verifier_compare,task-prep-v7 + public-verifier-v4,Variant,0.999,0.999,verifier,0.793,0.793,"Independent writer rollout changed the artifact"
2026-07-19,verifier_compare,task-prep-v7 + public-verifier-v4,Agora,0.5053,0.6900,verifier,0.6174,0.6681,"Prep had a visible adoption chain"
2026-07-20,prep_v8_verifier_v6_canary,task-prep-v8 + public-verifier-v6,BPMN supply,0.8362,0.8538,verifier,0.8119,0.8129,"Repair oscillated and introduced new failures"
2026-07-20,prep_v8_verifier_v6_canary,task-prep-v8 + public-verifier-v6,Legal M&A,0,0,verifier,0,0,"Source gate prevented repair on unsupported failure"
2026-07-20,prep_v8_verifier_v6_canary,task-prep-v8 + public-verifier-v6,SEC 10-K,0.7103,0.6951,verifier,0.7103,0.6482,"Repair propagated an upstream extraction error"
2026-07-20,prep_v8_verifier_v6_canary,task-prep-v8 + public-verifier-v6,CT geometry,0,0,verifier,0,1,"Combined score is invalid because repair mixed 32% reference"
2026-07-20,prep_v8_verifier_v6_canary,task-prep-v8 + public-verifier-v6,FluSight,0.7175,0.7461,verifier,0.7284,0.7061,"Same report produced opposite writer directions"
2026-07-20,prep_v8_verifier_v6_canary,task-prep-v8 + public-verifier-v6,TCGA,0.84,0.84,verifier,1,0.84,"Verifier score difference is independent rollout noise"
2026-07-20,prep_v8_verifier_v6_canary,task-prep-v8 + public-verifier-v6,Variant,0.999,0.793,verifier,0.793,0.793,"Normalized-allele regression repeated"
2026-07-20,task_prep_v9_outcome_canary,task-prep-v9,FluSight,0.6611,0.7003,none,,,"Prep used a 1040-point public backtest"
2026-07-20,task_prep_v9_outcome_canary,task-prep-v9,Variant,0.999,0.793,none,,,"Neutral wording did not stop alternate-key substitution"
2026-07-20,task_prep_v9_outcome_canary,task-prep-v9,Agora,0.5294,0.4979,none,,,"Prep stayed within evidence boundaries but score fell"
2026-07-20,task_prep_v10_variant_canary,task-prep-v10,Variant,0.793,0.999,none,,,"Exact submitted-ALT rule changed the writer implementation"
2026-07-20,prep_v10_verifier_v10_full,task-prep-v10 + public-verifier-v10,BPMN supply,0.9248,0.8295,verifier,0.8395,0.8638,"Verifier audit-only; six public failures across two arms"
2026-07-20,prep_v10_verifier_v10_full,task-prep-v10 + public-verifier-v10,Legal M&A,0,0,verifier,0,0,"One supported quotation omission per verifier arm"
2026-07-20,prep_v10_verifier_v10_full,task-prep-v10 + public-verifier-v10,SEC 10-K,0.6817,0.6427,verifier,0.6036,0.7085,"Prep report was rejected because two locators used wildcards"
2026-07-20,prep_v10_verifier_v10_full,task-prep-v10 + public-verifier-v10,CT geometry,0,0,verifier,0,1,"Combined is genuine FBP; verifier ran after solve and made no repair"
2026-07-20,prep_v10_verifier_v10_full,task-prep-v10 + public-verifier-v10,FluSight,0.6856,0.7393,verifier,0.6998,0.7210,"Structure passed; hidden future outcome stayed unverifiable"
2026-07-20,prep_v10_verifier_v10_full,task-prep-v10 + public-verifier-v10,TCGA,0.84,0.84,verifier,0.84,0.84,"Stable evaluator cap across arms"
2026-07-20,prep_v10_verifier_v10_full,task-prep-v10 + public-verifier-v10,Variant,0.793,0.999,verifier,0.999,0.999,"Prep fix repeated; verifier made no writer repair"
2026-07-20,prep_v10_verifier_v10_full,task-prep-v10 + public-verifier-v10,Agora,0.5007,0.4970,verifier,0.4702,0.6900,"Large combined difference remains a single independent rollout"
