endpoint,task,index,decision,retained,filter_reason,prescriptive_claim_words,prescriptive_impact_words,claim,local_source,evidence,solver_impact,confidence,parse_error
verifier_compare,business_finance__american_option_pricing_ls,1,use,False,prescriptive_impact,,must,The canonical Python wrapper fails in the current runtime when invoked normally because uv cannot create its default cache directory.,"runtime:/media/user/data/agenthle/business_finance/american_option_pricing_ls/base/software/python.sh -c ""import sys,numpy as np,scipy; print(sys.version); print(np.__version__, scipy.__version__)""","The invocation exited with code 2: ""Failed to initialize cache at `/home/user/.cache/uv` ... Permission denied"". With UV_CACHE_DIR and AMERICAN_OPTION_RUNTIME_DIR redirected under /tmp scratch, the same wrapper successfully launched Python 3.10.12 with NumPy 1.26.4 and SciPy 1.12.0.",The solver must account for uv's unwritable default cache path when running code; otherwise no computation starts despite using the prescribed wrapper.,high,
verifier_compare,business_finance__american_option_pricing_ls,2,use,True,,,,"For default_rng, drawing a full (paths, steps, assets) normal tensor does not assign the fixed-seed random stream to paths and times the same way as generating a (paths, assets) array at each time step.","runtime:software/python.sh probe comparing default_rng(77777).standard_normal((2,2,2)) with two sequential standard_normal((2,2)) draws stacked on the time axis","The bulk tensor began path 0 as [[-0.6194848092,-0.2858943809],[0.4132710979,0.7079520369]], while time-step draws gave path 0 as [[-0.6194848092,-0.2858943809],[2.4058557685,0.0829861227]]; np.array_equal returned False.","Tier 3 fixed-seed results depend on draw ordering. The specification's stepwise generation wording is not reproducibly interchangeable with a single path-major bulk draw, even though both have the required shape and marginal distribution.",high,
verifier_compare,business_finance__bpmn_category_governance_restructuring_l3,1,use,False,prescriptive_claim;prescriptive_impact,map,must,"The mandatory peer-topic user tasks are not claimed by any scenario task_outputs map and are not among the shadow-task exemptions, despite being structurally required.",input/starter_project/test_scenarios_L3.json#scenarios[*].task_outputs,"Across all 60 scenarios, task_outputs uses only seven task IDs: peer_readiness_check, compliance_signal_check, team_joint_mature_plan_preparation, temporary_unified_decision, emergency_delist_task, brand_risk_reassessment_task, and senior_lead_expedited_decision. No ad_ratio, ab_test, free_trial, new_merchant, or review_based_promotion peer task appears. Meanwhile business_rules_L3.md Rule 23 requires peer-lane userTasks covering all five topics, while task_prompt.md anti-shadow check a50 exempts only a fixed list that does not include separate peer-topic task IDs.",Adding straightforward separate peer-review tasks creates an a50 failure; the topology must reconcile required topic coverage with the fixed covered/exempt task-ID set rather than freely introducing placeholder review tasks.,high,
verifier_compare,business_finance__bpmn_category_governance_restructuring_l3,2,use,False,prescriptive_impact,,must,"The local regulator artifact requires emergency_delist_task to terminate at escalation_final_end, while Rule 14 and every compliance-crisis scenario expect delisting and reassessment to rejoin planning and complete at main_end.",input/starter_project/stakeholder_artifacts/regulator_email_thread.md#item-3-emergency-delisting-channel,"The binding artifact states: “The emergency_delist_task must route to a terminal end event (no rejoin to planning). The terminal end event must be named escalation_final_end.” In contrast, business_rules_L3.md Rule 14 says the compliance subprocess must contain emergency delisting and brand-risk reassessment and “After the sub-process completes, the flow must re-enter the joint-plan preparation,” and scenarios C01-C10 execute both tasks with expected_end_event main_end.",A simple serial compliance subprocess cannot satisfy both observed route contracts; the solver must explicitly resolve and document this local conflict rather than assuming every successful delisting rejoins planning.,high,
verifier_compare,business_finance__bpmn_category_governance_restructuring_l3,3,use,True,,,,"The required complianceHandled latch is consumed at the crisis gateway before its mandated producer inside the compliance subprocess can run, and the scenario suite does not initialize it.",input/starter_project/business_rules_L3.md#rule-30-compliance-subprocess-re-entry-latch,"Rule 30 requires a subprocess task to write complianceHandled and requires the upstream compliance-crisis gateway condition to reference it, e.g. ${!complianceHandled}. test_scenarios_L3.json supplies complianceCrisisDetected at start and completion but supplies no complianceHandled value before that gateway. task_prompt.md states that Flowable 6.5.0 throws on undefined EL variables.",The latch needs a guaranteed pre-gateway initialization path in addition to the required subprocess write; relying only on the subprocess producer causes first-entry runtime failure.,high,
verifier_compare,business_finance__bpmn_category_governance_restructuring_l3,4,use,False,prescriptive_impact,,must,The original logistics anchor conflicts with the hardened notified-only and dangling-output checks: it has an inbound main-flow edge and a writable output that no downstream element consumes.,input/starter_project/original_process.bpmn20.xml#logistics_capacity_confirmation-and-flow_parallel_to_logistics,"The original defines flow_parallel_to_logistics from gw_parallel_split to logistics_capacity_confirmation and gives that task writable out_capacity_ok; no downstream gateway or in_capacity_ok property references it. The hardened prompt forbids a main-flow sequenceFlow targeting logistics_capacity_confirmation and check a51 requires every writable out_* to be consumed downstream, while also saying the anchored logistics task is not to be modified.",Copying the original logistics fragment unchanged fails hardened checks; logistics preservation must be treated as an ID/lane anchor problem while separately addressing the forbidden inbound edge and unconsumed output tension.,high,
verifier_compare,business_finance__bpmn_category_governance_restructuring_l3,5,use,False,prescriptive_impact,,should,"jointPlanAttempt is controlled by the scenario runner during repeated joint-plan completions, not solely by BPMN task-form data.",input/starter_project/test_scenarios_L3.json#variable_model.description,The manifest states: “The bounded-loop counter jointPlanAttempt is auto-incremented by the test runner on repeated completions of team_joint_mature_plan_preparation.” B01-B05 and X04 provide arrays of three outputs for that task but do not directly provide jointPlanAttempt values.,Runtime validation should expose a counter-only retry gateway compatible with externally incremented jointPlanAttempt; adding a competing internal increment mechanism can desynchronize the manifest-driven loop behavior.,high,
verifier_compare,business_finance__bpmn_supply_disruption_l3,1,use,False,prescriptive_impact,,must,The bounded mix-revision loop exits immediately after the third failed validation; no fourth mix-adjustment instance is allowed.,input/starter_project/test_scenarios_L3.json#scenario S57,"S57 requires three consecutive failed validation results and states: ""The mix adjustment task must appear exactly 3 times in activity history, followed by the escalation task. No 4th mix adjustment iteration occurs.""",This fixes the otherwise ambiguous retry boundary: the escalation guard must activate on the third failure rather than only after starting a fourth iteration.,high,
verifier_compare,business_finance__bpmn_supply_disruption_l3,2,use,True,,,,"The cost-tier path is sequential: a variance above 25% still reaches Finance Controller review first, and the documented executive cost branch follows finance approval.",input/starter_project/test_scenarios_L3.json#scenarios S63-S64,"S63 says 20% triggers Finance review but not executive escalation. S64 says 30% triggers both and explicitly requires: ""Finance Controller reviews first, then Executive escalation activates for the extreme variance.""",A single binary cost gateway is insufficient; distinct numeric tiers and a post-finance route are needed to represent the tested ordering.,high,
verifier_compare,business_finance__bpmn_supply_disruption_l3,3,use,False,prescriptive_impact,,must;treat,"Scenario S51 conflicts with authoritative Rule 21 at the over-25% boundary: S51 routes a rejected 35% variance to mix adjustment, while Rule 21 says any variance exceeding 25% triggers executive escalation.",input/starter_project/business_rules_L3.md#Rule 21 and input/starter_project/test_scenarios_L3.json#scenario S51,"Rule 21 states: ""variance exceeding 25% triggers Executive escalation."" S51 supplies cost_variance_pct 35 and financial_approval ""rejected"" but expects: ""Finance Controller rejects — ... Routes to adjustment path."" The task's precedence clause makes business_rules_L3.md authoritative for rule priority and constraints.",The solver must treat this as a genuine local inconsistency during compliance/runtime reconciliation rather than inferring that finance rejection universally bypasses the authoritative >25% escalation requirement.,high,
verifier_compare,business_finance__bpmn_supply_disruption_l3,4,use,False,prescriptive_impact,,must,"An unresolved sourcing result does not eliminate the quality-timeout path: under high supplier risk, the expedited decision task still executes and emits either a blocked outcome or an allowed provisional decision depending on executive waiver state.",input/starter_project/test_scenarios_L3.json#scenarios S66-S67,"Both S66 and S67 set resolution_status to ""unresolved"" and quality_inspection_timeout to true. S66 requires expedited_decision ""blocked_high_risk"" followed by escalation; S67 supplies waiver_granted true and requires expedited_decision ""accept_provisional"" followed by continued adjustment and review.",High risk cannot simply route around inspection or bypass the expedited decision node; the timeout branch must preserve risk and waiver state so the same manual decision node can produce materially different routes.,high,
verifier_compare,business_finance__bpmn_supply_disruption_l3,5,use,False,prescriptive_impact,,must,"The organization data defines no executive role_id, but it explicitly assigns executive decisions to the candidate group named ""executive"" and names CEO only in the escalation-chain text.",input/starter_project/org_hierarchy.json#group_policy and hierarchy_rules,"group_policy says ""executive decisions use the executive group."" The roles array ends with salesDirector and contains no CEO or executive role object, while hierarchy_rules states ""Procurement Lead -> Supply Chain Director -> Sales Director -> CEO.""",Executive task role coupling must be based on the documented executive group convention; there is no task-local executive role identifier available to validate as an assignee expression.,high,
verifier_compare,business_finance__digital_marketing_ab_test_analysis_1,1,use,False,prescriptive_claim;prescriptive_impact,must,must,The experiment brief defines a 3-percentage-point open-rate target and a guardrail that treatment unsubscribe rate must not rise by more than 0.5 percentage points.,input/experiment_brief.md#Hypothesis-and-Guardrail,"The hypothesis says personalized subject lines will increase open rate “by at least 3 percentage points,” while the guardrail says unsubscribe rate “must not increase by more than 0.5 percentage points in treatment.”",The report recommendation must assess both the primary-effect target and the unsubscribe guardrail rather than relying only on p-values.,high,
verifier_compare,business_finance__digital_marketing_ab_test_analysis_1,2,use,False,prescriptive_impact,,must,"The raw results contain no conversions in either arm, and statsmodels 0.14.6 returns NaN for a standard pooled two-proportion z-test when both event counts are zero.",runtime:UV_CACHE_DIR=/tmp/ale-task-prep-b204311b4e/cache UV_PROJECT_ENVIRONMENT=/tmp/ale-task-prep-b204311b4e/venv uv run --project input/runtime_env --frozen python proportions_ztest zero-event probe,"All 8,818 values in experiment_results_raw.csv column converted are 0; proportions_ztest([0,0],[4400,4418]) returned (nan, nan) with an invalid-value warning under statsmodels 0.14.6.",The conversion row requires explicit handling of the zero-variance edge case so the analysis does not crash or silently misstate an undefined z-statistic and p-value; BH processing must also define how that result is treated.,high,
verifier_compare,business_finance__digital_marketing_ab_test_analysis_1,3,use,True,,,,Every raw result row is delivered and all outcome columns are complete binary indicators.,"input/experiment_results_raw.csv#delivered,opened,clicked,converted,unsubscribed","The file has 8,818 rows, no nulls, delivered=1 on every row, and each outcome contains only 0/1 values.","Delivered-email denominators equal arm row counts, so no delivery filtering or missing-value adjustment is needed for any rate.",high,
verifier_compare,business_finance__digital_marketing_ab_test_analysis_1,4,use,False,prescriptive_impact,,choose;must,"The local brief supplies the baseline and MDE for power analysis but does not specify alpha, target power, allocation ratio, or one- versus two-sided testing.",input/experiment_brief.md#Expected-Effect-Size,"It states “Minimum detectable effect: 3 percentage points lift on open rate” and “Baseline open rate: ~22%,” with no power-analysis conventions elsewhere in the brief.",Required sample size is not uniquely determined from local rules; the solver must choose and disclose conventional assumptions rather than treating them as task-specified.,high,
verifier_compare,business_finance__digital_marketing_audience_segmentation_1,1,use,False,prescriptive_impact,,must,"Existing audience AUD-005 depends on has_cart_abandonment, but that field is absent from the unified profile schema and data dictionary; only the audience's aggregate size is supplied, not a membership roster.",input/existing_audiences.csv#row AUD-005; input/unified_profiles.parquet#schema,"AUD-005 is defined as ""has_cart_abandonment = 1 AND recency_days < 7"" with size 623, while the Parquet schema has 25 columns and contains no has_cart_abandonment field; the data dictionary also has no such field.","Overlap for AUD-005 cannot be derived by applying its definition or joining memberships, so the solver must explicitly handle this task-local missing-field case rather than assuming every definition is executable.",high,
verifier_compare,business_finance__digital_marketing_audience_segmentation_1,2,use,False,prescriptive_impact,,must,The documented uv runtime path fails when uv uses its default cache location because that location is not writable.,runtime:uv run --project input/runtime_env python,"The command failed with: ""Failed to initialize cache at /home/user/.cache/uv"" and ""failed to create directory /home/user/.cache/uv: Permission denied (os error 13)""; the same runtime initialized successfully when its cache was placed under the allowed scratch directory.",The solver's execution setup must account for the cache-path permission behavior before loading Parquet with the manifest dependencies.,high,
verifier_compare,business_finance__financial_stmt_reconstruction_aapl_fy2024,1,use,False,prescriptive_impact,,use,"The staged EDGAR HTML is only eight physical lines, so line-oriented grep around a balance-sheet heading returns an enormous portion of the filing rather than a usable local excerpt; an HTML parser can isolate the heading’s following 42-row table.",input/aapl-20240928.htm#physical lines 1-8 and CONSOLIDATED BALANCE SHEETS heading,"`wc -l input/aapl-20240928.htm` returned 8; BeautifulSoup found the exact heading and its next table contained 42 rows beginning with the September 28, 2024 and September 30, 2023 columns.",Use structured HTML parsing or layout-preserving PDF text extraction instead of contextual grep on the raw HTML.,high,
verifier_compare,business_finance__financial_stmt_reconstruction_aapl_fy2024,2,use,True,,,,"The balance sheet reports ordinary monetary rows in millions, but the common-stock disclosure reports share counts in thousands and par value per share, so the metadata unit cannot be applied uniformly to all numeric fields.","input/aapl-2024-10k.pdf#page 31, balance-sheet unit caption and common-stock disclosure","The caption states “In millions, except number of shares, which are reflected in thousands, and par value,” while the common-stock line states “$0.00001 par value: 50,400,000 shares authorized; 15,116,786 and 15,550,061 shares issued and outstanding, respectively.”",Preserve the share counts exactly as printed in their thousands-based fields and preserve par value as a decimal rather than scaling either as USD millions.,high,
verifier_compare,business_finance__financial_stmt_reconstruction_aapl_fy2024,3,use,False,prescriptive_impact,,map;select,"The two issued-and-outstanding share counts follow the table’s year-column order, making the first count the 2024 figure and the second the 2023 comparative.","input/aapl-2024-10k.pdf#page 31, column headings and common-stock line","The columns are ordered “September 28, 2024” then “September 30, 2023,” and the disclosure gives “15,116,786 and 15,550,061 shares issued and outstanding, respectively.”",Map the first disclosed share count to the schema’s single FY2024 shares field; do not select the second count merely because it appears last in the sentence.,high,
verifier_compare,business_finance__financial_stmt_reconstruction_aapl_fy2024,4,use,False,prescriptive_impact,,map,"“Term debt” is printed with the same label in both current and non-current liability sections, while the schema distinguishes them with separate keys.","input/aapl-2024-10k.pdf#page 31, current and non-current liabilities sections",Page 31 contains one “Term debt” row under Current liabilities and another “Term debt” row under Non-current liabilities; the schema separately names `term_debt_current` and `term_debt_non_current`.,"Map rows using their enclosing liability section rather than a label-only lookup, which would overwrite or conflate the two values.",high,
verifier_compare,business_finance__financial_stmt_reconstruction_aapl_fy2024,5,use,False,prescriptive_claim,must,,"The two loss/deficit equity rows are displayed in parentheses and therefore must become negative JSON numbers, not unsigned magnitudes or strings containing punctuation.","input/aapl-2024-10k.pdf#page 31, shareholders’ equity rows","The FY2024 column prints Accumulated deficit as “(19,154)” and Accumulated other comprehensive loss as “(7,172).”","Normalize accounting parentheses to negative integers while stripping commas, preserving the balance-sheet arithmetic and schema types.",high,
verifier_compare,business_finance__internal_employee_agent_instance_1,1,use,False,prescriptive_impact,,must,The staged web-search stub gives a different UK Statutory Sick Pay rate from the dedicated deterministic web-search grounding file.,input/web_search_grounding.json#lines 1-4,"The grounding states SSP is 118.75 pounds per week, while input/stubs.py lines 25-30 returns £116.75 for the matching query.",The two local fallback paths cannot be blended; the dedicated grounding file must be treated as the task-local grounding for this search case rather than relying on the conflicting stub result.,high,
verifier_compare,business_finance__internal_employee_agent_instance_1,2,use,False,prescriptive_impact,,should,The HR email send stub is not deterministic despite its docstring describing a deterministic local response.,input/stubs.py#lines 15-22,"send_hr_email generates message_id with uuid.uuid4().hex[:8], so repeated identical calls produce different IDs.",Including the generated message ID in responses would make the required artifact nondeterministic; execution should not depend on that random field.,high,
verifier_compare,business_finance__internal_employee_agent_instance_1,3,use,False,prescriptive_impact,,must,JIRA ticket IDs are assigned from one mutable module-global counter rather than from session or request content.,"input/stubs.py#lines 12,58-74","_ticket_counter starts at 1000, create_jira_ticket returns IT-<counter>, and then increments it.","Any reported stub ticket ID depends on call order and whether all sessions share one imported module instance, so processing order must remain fixed if those IDs are surfaced.",high,
verifier_compare,business_finance__internal_employee_agent_instance_1,4,use,False,prescriptive_impact,,must,"The staged stubs implement only send_hr_email, create_jira_ticket, and search_web; neither canonical draft tool has an implementation there.",input/stubs.py#lines 15-74,"The only defined tool functions are send_hr_email, search_web, and create_jira_ticket; draft_hr_email and draft_jira_ticket are absent although both are canonical tool names in agent_rules.md.",The solver cannot assume the fallback module provides the full draft-confirm-execute tool chain and must handle draft-stage bookkeeping separately without attempting nonexistent imports.,high,
verifier_compare,business_finance__internal_employee_agent_instance_1,5,use,True,,,,Stub web search matches only when every whitespace-separated keyword in one of three fixed keys appears as a substring in the lowercased query.,input/stubs.py#lines 25-55,"The keys are 'statutory sick pay', 'tcp udp', and 'zero trust', tested with all(kw in q for kw in keywords.split()); all other inputs return a not-found string.","Rephrasing a supported search without all key tokens can unexpectedly miss the deterministic branch, so exact grounding lookup is more robust than free-form stub queries.",high,
verifier_compare,business_finance__legal_ma_consistency_audit_01,1,use,True,,,,"The transaction consists of two separate parallel share-transfer agreements, so the seller and announcement contain two agreement blocks while each buyer report contains only its buyer-specific agreement.",input/extracted_text/announcement.txt#Pages 5 and 10; input/extracted_text/seller_report.txt#Pages 11 and 15; input/extracted_text/buyer1_report.txt#Pages 8-9; input/extracted_text/buyer2_report.txt#Pages 7-8,"The announcement labels “协议一：物美科技与杭州景祺签订的《股份转让协议》” and later “协议二：物美科技与厦门联芯美签订的《股份转让协议》”. The seller report likewise begins separate sections for “物美集团与杭州景祺” and the second buyer, whereas Buyer 1 names 乙方 as 杭州景祺电子信息合伙企业（有限合伙） and Buyer 2 names 乙方 as 厦门联芯美企业管理合伙企业（有限合伙）.",Clause-level comparisons require an explicit agreement-party join: Buyer 1 ↔ the Hangzhou agreement blocks and Buyer 2 ↔ the Xiamen agreement blocks. Treating all repeated clauses as one agreement could create false conflicts or miss buyer-specific ones.,high,
verifier_compare,business_finance__legal_ma_consistency_audit_01,2,use,False,prescriptive_impact,,should,The announcement extracted-text mirror does not always preserve the PDF's visual reading order on pages with floating notes or multi-column layout.,"input/extracted_text/announcement.txt#Page 1, lines 10-24","In the text mirror, the note beginning “（注：物美科技与杭州景祺及厦门联芯无关联关系…” appears immediately after the opening fragment “银川新华百货商业集团股份有限公司（以下简称‘公司’‘新华百货’）”, while the interrupted main sentence resumes afterward with “控股股东物美科技集团有限公司…”, and a standalone closing “）” appears only after the transfer description. In the original page layout, the main transfer paragraph is continuous and the note is positioned separately beneath it.",Linear text adjacency is unsafe for interpreting sentence scope in at least the announcement; evidence should be segmented by page and ambiguous passages checked against the corresponding PDF page before quotation or comparison.,high,
verifier_compare,business_finance__llm_ecosystem_privacy_audit_realdata_1,1,use,False,prescriptive_impact,,must,"Splitting every Action key on the first literal "", "" leaves a trailing space on the domain component; the metadata domains have no surrounding whitespace.","input/pp_action_data_entities.json#all 2,253 top-level keys","All 2,253 key prefixes end in a space after split(', ', 1), e.g. ""api.remoteambition.com , Ambition"" produces ""api.remoteambition.com "". Raw prefixes match zero metadata domains, while stripped prefixes match 1,519 metadata domains. Thirteen api_name remainders themselves contain "", "".","The domain must be normalized after a first-only split for metadata joins and emitted domain values, while the api_name remainder must not be split again.",high,
verifier_compare,business_finance__llm_ecosystem_privacy_audit_realdata_1,2,use,True,,,,"The metadata has duplicate GPT records and multiple Actions on the same domain within individual GPTs, so metadata rows and Action occurrences are not equivalent to distinct GPTs.",input/gpt_action_metadata.json#gpts,"There are 3,116 GPT records but only 3,108 distinct gpt_id values; eight IDs occur twice. For actions.zapier.com, record-level counting yields 239 versus 237 distinct gpt_id values; for gpts.webpilot.ai it yields 389 versus 386. Additionally, 147 GPT records contain repeated Action domains.",gpt_count requires sets of gpt_id per domain rather than counting GPT records or Action occurrences.,high,
verifier_compare,business_finance__llm_ecosystem_privacy_audit_realdata_1,3,use,True,,,,Six domains qualify by having at least three distinct GPTs but have no corresponding Action key in the pre-classified Action data.,input/gpt_action_metadata.json#gpts joined to input/pp_action_data_entities.json#top-level keys,"The zero-Action qualifying domains are a.thaigpt.com (3 GPTs), actions.darkeccho.com (6), api.adzedek.com (7), api.marketstack.com (3), govchat.firstliot.app (3), and khanacademy.org (3). Thus each has action_count 0, no per-Action datatype counts, and no defined denominator for the stated amplification formula.",The report has an unavoidable zero-action/undefined-mean branch despite the requirement to include every qualifying domain; a naive mean or division implementation will fail or omit six required rows.,high,
verifier_compare,business_finance__llm_ecosystem_privacy_audit_realdata_1,4,use,True,,,,"Some Actions are present as keys but have empty field lists, including Actions on report-qualifying domains.",input/pp_action_data_entities.json#Action values,"There are 232 Actions whose value is an empty list. Forty-nine such Actions occur across 29 domains having at least three distinct GPTs, including 8 on gpt-wallet.link and 3 each on randomuser.me, pokeapi.co, and script.google.com.",These Actions still contribute to action_count and contribute a zero distinct-datatype count to the per-Action mean; filtering them out changes averages and amplification factors.,high,
verifier_compare,business_finance__llm_ecosystem_privacy_audit_realdata_1,5,use,True,,,,Every Action field has a populated string data_name even though the raw field identifier schema varies.,"input/pp_action_data_entities.json#all 12,173 field objects","All 12,173 field objects contain data_name as a non-empty string. Only 7,211 contain name, while 4,962 use the alternate META_PY_KEYS schema.",data_name is the only uniform task-local source for data_field_name; selecting name or META_PY_KEYS alone would leave thousands of violations without a field name.,high,
verifier_compare,business_finance__sse_northbound_programmatic_trading_01,1,use,False,prescriptive_impact,,must,"Although separate account reports are generally required through the corresponding brokers, an institutional investor may centralize the listed funds-information fields—including leverage scale—through one broker for accounts opened under the same identification number; the instructions expressly identify an LEI as such an identification number.",input/extracted_text/1-2_填报说明.txt#lines 15-16 and 28-29,“投资者在不同联交所参与者开立多个账户，应当通过对应联交所参与者分别报告。”；“对于以同一证件号码开立的账户，可以选取一家联交所参与者并按机构维度（同一证件号码下开立的账户合计）填写账户资金信息相关字段（包括账户资金规模、账户资金来源、其他资金来源描述、资金来源占比、杠杆资金规模、杠杆资金来源、其他杠杆资金来源描述、杠杆率）。其以同一证件号码在其他联交所参与者开立的账户，不再重复填写上述信息，并在相应字段填写‘已在其他联交所参与者报告’”及“例如机构投资者填写LEI码。该字段填写相同证件号码的机构账户，可以适用填报说明第二条第二款规定，选取一家联交所参与者集中填报资金信息。”,The solver must distinguish the general per-account/per-broker reporting obligation from the narrower exception governing leverage and other funds-information fields; relying only on the general rule would reverse the treatment of the field asked about.,high,
verifier_compare,business_finance__sse_northbound_programmatic_trading_01,2,use,False,prescriptive_impact,,should,"The staged implementation rules identify 20,000 daily submissions/cancellations as an HFT threshold and authorize flow and cancellation fees, but state that the concrete fee standards are to be prescribed separately rather than giving amounts in that provision.",input/extracted_text/程序化交易管理实施细则.txt#lines 101-105 and 115-116,“（二）单个账户单日申报、撤单的最高笔数达到20000笔以上；”及“本所可以对高频交易实施差异化收费，根据申报、撤单的笔数和频率等指标设置收费标准，加收流量费和撤单费等费用。具体收费标准由本所另行规定。”,"Crossing the 20,000 threshold establishes HFT treatment but does not provide inputs for a numerical cost calculation; the solver should base the fee response on the explicit deferral of concrete standards, not invent rates from the threshold.",high,
verifier_compare,business_finance__sse_northbound_programmatic_trading_01,3,use,False,prescriptive_impact,,must,"The local language rule says descriptive fields are generally in Simplified Chinese, while fields difficult to express uniformly in Chinese—expressly including programmatic-trading software names—may be completed in English; it does not state a general permission for every foreign language.",input/extracted_text/1-3_填报注意事项.txt#lines 36-37,“对于描述类字段（其他资金来源描述、其他杠杆资金来源描述、主策略概述、辅策略概述、指令执行方式概述等）以及高频交易系统测试报告及故障应急方案，填报语言原则上为简体中文。对于个别难以确定统一中文表述的字段，例如联交所参与者名称、账户名称、程序化交易软件名称等，可以填写英文。”,The solver must not equate ‘original foreign-language name’ with the rule’s specifically permitted English; whether the original software name itself is English is a material factual distinction.,high,
verifier_compare,education_info__homework_grading_numerical_pdes_instance_02,1,use,False,prescriptive_impact,,must,"The task-local TASK_PROMPT.md names an `education/...` task directory, but that path does not exist; the active bundle is under `education_info/...`.",input/TASK_PROMPT.md#Task directory and output path,"TASK_PROMPT.md says `/media/user/data/agenthle/education/homework_grading_numerical_pdes_instance_02/base`, while a local path probe returned “No such file or directory” for that location and confirmed `/media/user/data/agenthle/education_info/homework_grading_numerical_pdes_instance_02/base` exists.",Prevents copying the stale embedded path when locating inputs or writing the five required outputs; operations must remain rooted in the active public task directory.,high,
verifier_compare,education_info__marc_remediation_folio_overlay,1,use,False,prescriptive_impact,,must;use,"Online carrier status cannot be inferred from 949 location code: visible online resources occur at MAIN, SPEC, and ONLINE, while many records located at ONLINE are print carriers.",input/starter_project/input/public_case/legacy_records.xml#300/856/949 fields,"The batch contains 14 records with both an 856 and 300$a containing “1 online resource,” distributed across MAIN, SPEC, and ONLINE. It also contains 17 records with 949$a ONLINE but no 856 and a print-style 300 such as “228 pages” or “410 pages.”",Carrier selection for 336/337/338 must use bibliographic carrier evidence such as 300/856 rather than the holdings location; otherwise many records receive the wrong RDA fields.,high,
verifier_compare,education_info__marc_remediation_folio_overlay,2,use,False,prescriptive_impact,,should,"The incoming record identifier and normalized OCLC are distinct values: 001 may be a local number or an ocn-prefixed value, while the authoritative OCLC-form value is present in 035$a.","input/starter_project/input/public_case/legacy_records.xml#001,003,035 fields","One visible record has 001 “800000003” and 003 “LOCAL” but 035$a “(OCoLC)ocn800000003”; another has 001 “ocn800000001” and 035$a “(OCoLC)ocn800000001.” The starter helper record_id() preserves 001, whereas normalize_oclc() canonicalizes digits as “(OCoLC)<digits>.”","The solver should preserve 001 for record_id while separately extracting and normalizing the OCLC identifier for deduplication and matching, rather than overwriting or conflating the two.",high,
verifier_compare,education_info__marc_remediation_folio_overlay,3,use,False,prescriptive_impact,,should,"The verified Python 3.12 environment does not include pymarc, while the starter provides ElementTree-based MARCXML helpers and specifies ElementTree-canonicalized output.",runtime:software/python3.12 import pymarc,Running the supplied interpreter reports Python 3.12.13 and raises ModuleNotFoundError for pymarc; BUNDLE_MANIFEST.md states remediated_records.xml is canonicalized with xml.etree.ElementTree.indent.,Implementation should operate directly on MARCXML with the supplied stdlib helpers rather than depend on pymarc or parse the mnemonic file as the primary source.,high,
verifier_compare,education_info__moodle_gradebook_closeout_reconciliation,1,use,False,prescriptive_impact,,must,The staged roster contains more special-status records than the helper's module-level ID sets imply.,"input/starter_project/roster.csv#status, reenrolled columns; input/bundle_lib.py#WITHDRAWN_IDS, INCOMPLETE_IDS, REENROLLED_IDS","The roster has 5 withdrawn, 4 incomplete, and 3 re-enrolled records, while bundle_lib.py hard-codes sets of only 3 withdrawn, 3 incomplete, and 2 re-enrolled IDs.",The staged roster must drive full-record reconciliation; relying on helper constants or visible_cases.csv would omit records in the same rule families.,high,
verifier_compare,education_info__moodle_gradebook_closeout_reconciliation,2,use,False,prescriptive_impact,,must,"There are five currently locked final-grade rows, exceeding the lock-related coverage exposed by the visible-case list.",input/starter_project/backup_extracted/gradebook/final_grade_flags.csv#locked=true rows,"Five rows have locked=true and populated cached grades; the helper applies cached numeric and letter values whenever locked is exactly 'true', except for withdrawn records.","The solver must inspect the complete flags table rather than repair only named visible cases, because lock state can replace recomputed output even after incomplete status has assigned letter I.",high,
verifier_compare,education_info__moodle_gradebook_closeout_reconciliation,3,use,False,prescriptive_claim;prescriptive_impact,override,must;override;select,The scoring path uses exact policy strings and applies a manual override before any eligible late penalty.,input/bundle_lib.py#compute_grade_outputs lines 472-516,"Only excused_behavior='exclude_from_denominator' excludes an excused item; only override_precedence='manual_override_first' selects the override; empty_grade_behavior='exclude' excludes an empty item and every other value makes it zero. Late penalties then run against the selected effective score, including an override.","Natural-language-equivalent but different enum values can silently select the wrong branch, and override values must not be treated as exempt from late penalties.",high,
verifier_compare,education_info__moodle_gradebook_closeout_reconciliation,4,use,True,,,,"Drop-lowest operates on effective quiz scores only, with deterministic item-ID tie-breaking.","input/bundle_lib.py#_drop_lowest and compute_grade_outputs lines 426-429, 472-543","Excused entries excluded from the denominator never enter category_scores; non-excused missing entries treated as zero do enter it. Scores are sorted by (score, item_id), and the first configured count is dropped.","The ordering of excused handling, missing-value handling, and dropping is material; tied low quizzes are resolved discretely by item ID.",high,
verifier_compare,education_info__moodle_gradebook_closeout_reconciliation,5,use,False,prescriptive_impact,,should;use,Letter-grade boundaries are evaluated after rounding the weighted numeric grade to two decimals.,input/bundle_lib.py#compute_grade_outputs lines 547-567; input/bundle_lib.py#letter_from_score lines 431-435,"weighted_sum is rounded with final_numeric = round(weighted_sum, 2), and letter_from_score compares that rounded value to each section threshold using >=.","Boundary verification should use the helper's two-decimal grade rather than an unrounded weighted sum, particularly for the section-specific cutoff scheme.",high,
verifier_compare,health_medicine__crf_sdtm_mapping_1,1,use,False,prescriptive_impact,,must,"A single collected Dose field is annotated to both CMDOSE and CMDOSTXT on the baseline and prohibited concomitant-medication forms, and define.xml marks both variables as CRF-origin.",input/source_documents/annotated_crf.pdf#PDF pages 15 and 76; input/source_documents/sdtm_define.xml#ItemDefs IT.CM.CMDOSE and IT.CM.CMDOSTXT,"The aCRF displays “5. Dose: [Dose Description]” with the adjacent annotation “CMDOSE CMDOSTXT” on both forms. The CM metadata describes CMDOSE as “Dose per Administration” and CMDOSTXT as “Dose Description,” each with Origin Type=""CRF"".",The mapping method must support one collected CRF field mapping to two distinct CM target rows rather than selecting only one dose variable.,high,
verifier_compare,health_medicine__crf_sdtm_mapping_1,2,use,True,,,,"The collected Ongoing field has a value-dependent mapping: YES is annotated to CMENRTPT=ONGOING and CMENTPT=LAST SUBJECT ENCOUNTER, while the NO branch exposes an End Date field annotated to CMENDTC.",input/source_documents/annotated_crf.pdf#PDF pages 76 and 110,"On the prohibited and vasopressors forms, the aCRF shows “Ongoing?” with YES/NO, annotates the ongoing branch as “CMENRTPT= ONGOING CMENTPT= LAST SUBJECT ENCOUNTER,” and shows “End Date” with annotation CMENDTC under NO.","This requires preserving a discrete conditional branch and recognizing that one collected response supports two target variables, while CMENDTC comes from a separate conditionally collected date field.",high,
verifier_compare,health_medicine__crf_sdtm_mapping_1,3,use,False,prescriptive_impact,,must,CMCAT and CMSCAT are displayed as form-level or choice-driven values in the aCRF even though define.xml labels their origins as Assigned rather than CRF.,"input/source_documents/annotated_crf.pdf#PDF pages 15, 16, 76, and 110; input/source_documents/sdtm_define.xml#ItemDefs IT.CM.CMCAT and IT.CM.CMSCAT","The aCRF annotates Category to CMCAT with values GENERAL CONCOMITANT MEDICATIONS, VACCINATIONS, or the prohibited-form choices, and annotates the vasopressors form with CMSCAT=VASOPRESSORS AGENTS. In define.xml, both CMCAT and CMSCAT have def:Origin Type=""Assigned"" and controlled lists CL.CMCAT and CL.CMSCAT.",Origin cannot be inferred solely from the visible form layout; the solver must reconcile field-level aCRF evidence with define metadata instead of automatically labeling these targets CRF-origin.,high,
verifier_compare,health_medicine__crf_sdtm_mapping_1,4,use,False,prescriptive_impact,,must,The aCRF’s only CM supplemental qualifier annotation is a hidden dictionary-derived Standardized Medication Code mapped as CMCODE in SUPPCM; define.xml identifies CMCODE and all other CM QVAL variants as Assigned.,"input/source_documents/annotated_crf.pdf#PDF pages 15, 16, 76, and 110; input/source_documents/sdtm_define.xml#ValueListDef VL.SUPPCM.QVAL and ItemDef for QNAM CMCODE","Each CM form labels Standardized Medication Code as “Dictionary derived [hidden]” and annotates it “CMCODE in SUPPCM.” The SUPPCM value list contains CMCODE plus CMCLSCD1, CMCLSCD2, CMCLAS1, CMCLAS2, and DICTVER; their QVAL ItemDefs all have Origin Type=""Assigned"".","The presence of SUPPCM metadata does not itself establish a collected supplemental field, so hidden dictionary outputs and generic SUPPCM infrastructure must not be mistaken for CRF-sourced qualifiers.",high,
verifier_compare,health_medicine__crf_sdtm_mapping_1,5,use,False,prescriptive_impact,,must,"The four CM forms do not collect the same field set: baseline and prohibited include dose, unit, frequency, and route; vaccination omits those and ongoing/end date; vasopressors includes ongoing/end date but omits dose-related fields.","input/source_documents/annotated_crf.pdf#PDF pages 15, 16, 76, and 110","Baseline lists fields 1–9 through Route and Start Date; non-study vaccinations lists identifier, category, pre-specified response, medication, and Start Date; prohibited additionally lists Ongoing and conditional End Date; vasopressors lists identifier, category, pre-specified response, medication, Start Date, and Ongoing/End Date.",Rows cannot be generated by cloning one common CM template across all forms; field presence and mappings must be evaluated per form.,high,
verifier_compare,health_medicine__crf_sdtm_mapping_4,1,use,True,,,,"The ADVERSE EVENT REPORT form has five form-specific SUPPAE targets: AEMERES, AERELTXT, AECMGIV, AENDGIV, and AESUBJDC; the other AE-related SUPPAE qualifiers AEMEFL and AEAENO belong to the separate MEDICATION ERROR form.",input/source_documents/annotated_crf.pdf#physical pages 11-12 and 70,"Pages 11-12 annotate AEMERES, AERELTXT, AECMGIV, AENDGIV, and AESUBJDC as “in SUPPAE.” Page 70 annotates AEMEFL and repeated AEAENO under MEDICATION ERROR ASSOCIATED WITH AE.",Prevents importing supplemental fields from a different AE-domain form into the Adverse Event Report mapping and identifies the applicable QNAM rows.,high,
verifier_compare,health_medicine__crf_sdtm_mapping_4,2,use,False,prescriptive_impact,,must,Two distinct CRF questions both feed AE.AECONTRT while also feeding separate supplemental qualifiers.,input/source_documents/annotated_crf.pdf#physical page 12,"“Was a Concomitant Medication given?” is annotated AECONTRT plus AECMGIV in SUPPAE, while “Was a Non-Drug Treatment given?” is annotated AECONTRT plus AENDGIV in SUPPAE.",The mapping method must preserve both source-field branches instead of treating AECONTRT as arising from only one question; the two SUPPAE rows retain the distinction.,high,
verifier_compare,health_medicine__crf_sdtm_mapping_4,3,use,True,,,,The ongoing-status question maps to a two-variable branch rather than directly supplying an end date alone.,input/source_documents/annotated_crf.pdf#physical page 11,"For “Is the adverse event still ongoing?”, the YES branch is annotated “AEENRTPT=ONGOING” and “AEENTPT=LAST SUBJECT ENCOUNTER”; the displayed End Date Time is separately annotated AEENDTC.","Requires distinct rows/rules for the CRF-sourced ongoing indicator and the assigned reference time point, with AEENDTC handled conditionally.",high,
verifier_compare,health_medicine__crf_sdtm_mapping_4,4,use,False,prescriptive_claim,use,,"AESTDTC and AEENDTC have category-dependent origins; for ordinary Adverse Event Report records they are CRF-origin, while reactogenicity records use assigned values.",input/source_documents/sdtm_define.xml#ValueListDef VL.AE.AESTDTC and VL.AE.AEENDTC,"Each value list has an AECAT=REACTOGENICITY item with Origin Type=""Assigned"" and an AECAT!=REACTOGENICITY item with Origin Type=""CRF"" referencing aCRF pages 11 and 70. The Adverse Event Report category is annotated ADVERSE EVENT on aCRF page 11.",Avoids incorrectly labeling the Adverse Event Report date fields as generically assigned or derived based on other AE-domain record types.,high,
verifier_compare,health_medicine__crf_sdtm_mapping_4,5,use,True,,,,"The file named supp_define.xml is an ADaM define containing analysis datasets, not the defining metadata for the SUPPAE tabulation structure; the SUPPAE dataset and its QNAM where-clauses are in sdtm_define.xml.",input/source_documents/supp_define.xml#ItemGroupDef elements; input/source_documents/sdtm_define.xml#ItemGroupDef IG.SUPPAE and WhereClauseDef WC.SUPPAE.QNAM.*,"supp_define.xml contains ItemGroupDefs ADSL, ADFACEVD, ADAE, and ADCEVD with Purpose=""Analysis"". sdtm_define.xml contains IG.SUPPAE and QNAM checks for AECMGIV, AEMEFL, AEAENO, AENDGIV, AEMERES, AERELTXT, and AESUBJDC.","Directs structural SUPPAE validation to sdtm_define.xml while using supp_define.xml only as corroborating analysis metadata, avoiding a misleading file-name assumption.",high,
verifier_compare,health_medicine__epidemiology_forecast,1,use,True,,,,"After the specified date/type/non-US filters and 3-decimal quantile rounding, every forecast cell has exactly one row for each of the 23 required quantiles; there are no duplicate cell-quantile keys.","input/forecasts_2021-22.parquet#filtered groups by model,location,target_end_date,target and rounded quantile","The filtered data contain 87,376 cells and 2,009,648 quantile rows. Every cell has 23 distinct quantiles, all matching the required set; duplicate (cell, rounded_quantile) count is 0 and maximum multiplicity is 1.","A direct pivot/reindex is safe, and the missing-required-quantile NaN branch is not reached by the staged filtered data.",high,
verifier_compare,health_medicine__epidemiology_forecast,2,use,True,,,,"Every filtered non-US forecast row has exactly one staged truth match on (location, target_end_date).",input/truth_2021-22.csv#join against filtered input/forecasts_2021-22.parquet keys,"The truth file has 1,113 rows with 0 duplicate (location,target_end_date) keys; joining all 2,009,648 filtered forecast rows produced 2,009,648 matches and 0 left-only rows.","The truth join neither drops forecast rows nor multiplies cells, so no unmatched-key handling or truth deduplication is needed.",high,
verifier_compare,health_medicine__epidemiology_forecast,3,use,False,prescriptive_impact,,must;use,Half-to-even median rounding affects a substantial set of actual cells rather than being a theoretical edge case.,input/forecasts_2021-22.parquet#filtered quantile==0.500 values,"Among 87,376 median values, 2,726 have fractional part exactly 0.5 and 26,191 are already integers; all filtered forecast values are finite.",The median branch must use genuine IEEE/Python/NumPy ties-to-even behavior rather than floor(x+0.5) or conventional half-up rounding.,high,
verifier_compare,health_medicine__epidemiology_forecast,4,use,True,,,,"The parquet stores location and both date fields as strings, while quantile and value are float64; location identifiers include zero-padded codes and the literal US.",input/forecasts_2021-22.parquet#Parquet schema,"Parquet schema reports location, target_end_date, and forecast_date as String and quantile/value as double; observed locations include '01', '02', '72', and 'US'.","String-preserving location handling avoids destroying leading zeros, and ISO date strings can be filtered lexically without changing the closed-window boundary semantics.",high,
verifier_compare,health_medicine__healthcare_bias_audit_27a_public_replication_v1,1,use,True,,,,"The only readily available Python environment containing the full analysis stack uses scikit-learn 1.5.1, where the supplied LassoCV call fails because the legacy normalize parameter has been removed.",runtime:/opt/toolchains/miniforge3/envs/wf3-env/bin/python inspection of sklearn.linear_model.LassoCV,"The environment has Python 3.11.15, pandas 2.2.2, scikit-learn 1.5.1, statsmodels 0.14.6, and matplotlib 3.9.1; constructing LassoCV(n_alphas=100, normalize=True) raises TypeError: LassoCV.__init__() got an unexpected keyword argument 'normalize'. The system python lacks sklearn.",The model script cannot run unchanged in the available complete environment; exact legacy versions or a minimal compatibility treatment preserving the old normalization logic are necessary before generating downstream files.,high,
verifier_compare,health_medicine__healthcare_bias_audit_27a_public_replication_v1,2,use,False,prescriptive_impact,,must,"Table 3 joins enrollment rates from full-cohort risk-score quantile bins to separately ranked holdout percentiles, even though those two sets of percentile boundaries are not constructed the same way.",input/code/table3.R#lines 12-17 and 52-66,"The full dataset gets percentile from cut(risk_score_t, unique(quantile(...))), while pred_df is grouped by risk_score_t_percentile; that latter field is created in input/code/model/util.py with rank(method='first') followed by pd.qcut on the holdout. Table 3 joins these only by integer i from 1 through 100.",Recomputing common percentile boundaries or harmonizing the bins would alter Table 3; the supplied asymmetric binning must remain intact for exact workflow reproduction.,high,
verifier_compare,health_medicine__healthcare_bias_audit_27a_public_replication_v1,3,use,False,prescriptive_impact,,must;select,"The audit answer fields prefixed table2_race_black encode values from the Table 2 'Race black' column indexed by predictor label, rather than a nonexistent race-trained model row.",input/code/table2.py#get_concentration_metric_df and input/audit_answers.json#table2_race_black_* fields,"Table 2 has predictor rows 'Total costs', 'Avoidable costs', and 'Active chronic conditions'; dem_race_black is emitted as the 'Race black' outcome column. The answer template separately requests table2_race_black_total_costs, table2_race_black_avoidable_costs, table2_race_black_active_chronic_conditions, and the corresponding best-worst difference.",Answer extraction must select the Race black column across those three predictor rows and the best-worst row; interpreting the field names as row-first or as race-model results would select the wrong cells.,high,
verifier_compare,health_medicine__healthcare_bias_audit_27a_public_replication_v1,4,use,True,,,,"Figure 1b's counterfactual 'after' share is not calculated from the mutated upper-risk tables; it adds switched_count to the original Black count while retaining the original enrolled-group denominator, and its switching loop excludes final-index candidates through strict '<' bounds.",input/code/figure1/figure1b.R#lines 43-63,The loop condition is while (sw < nrow(upperw) & sb < nrow(lowerb)); black_after is then (nrow(prior_b) + switched_count) / (nrow(prior_w) + nrow(prior_b)).,"A natural swap simulation using '<=' bounds or recalculating the post-swap denominator can differ from the required Figure 1b output, so the script's exact boundary and denominator semantics matter.",high,
verifier_compare,health_medicine__healthcare_bias_audit_27a_public_replication_v1,5,use,False,prescriptive_claim;prescriptive_impact,treat,must,"The Python and R scripts resolve the copied bundle root differently: Python derives it from util.py's location, whereas both R scripts treat the process working directory as the bundle root.",input/code/model/util.py#get_git_dir and input/code/figure1/figure1b.R#setup,"get_git_dir() falls back to Path(__file__).resolve().parents[2], but figure1b.R reads file.path(getwd(), 'data', 'data_new.csv') and writes beneath file.path(getwd(), 'results'); table3.R uses the same getwd()-based convention.","The copied directory must preserve the code/model layout, and the R scripts must be launched with the working-copy root as the current directory; merely invoking them by absolute script path from elsewhere targets the wrong data/results locations.",high,
verifier_compare,health_medicine__healthcare_sap_group_sequential_nsclc,1,use,False,prescriptive_impact,,must,"In installed gsDesign 3.9.0, gsDesign() does not default to the Lan-DeMets O’Brien-Fleming spending function; its default upper spending function is sfHSD with parameter -4.","runtime:Rscript inspection of gsDesign::gsDesign and bounded calls with k=3, alpha=.025, beta=.2, timing=c(.5,.75,1), test.type=1","The function signature reports sfu=sfHSD and sfupar=-4. The default call produced upper Z boundaries 2.749966, 2.431782, 2.011557, whereas explicit sfu=sfLDOF produced 2.962588, 2.359018, 2.014084.",A script relying on gsDesign defaults will compute a different boundary family despite labeling it O’Brien-Fleming; the spending function must be selected explicitly.,high,
verifier_compare,health_medicine__healthcare_sap_group_sequential_nsclc,2,use,True,,,,"Encoding binding futility through gsDesign's lower-bound design modes changes both maximum information and, for one mode, efficacy boundaries; it is not equivalent to the task’s isolated look-1 conditional-power rule.","runtime:Rscript bounded comparison of gsDesign::gsDesign test.type=1,3,4","With explicit sfLDOF and n.fix=1, test.type=1 gave inflation 1.01963245 and upper bounds 2.96258804, 2.35901772, 2.01408371. test.type=3 gave inflation 1.049342 and upper bounds 2.96258804, 2.35832981, 1.96903354; test.type=4 gave inflation 1.07917793 with lower bounds at all three looks.",Using a built-in beta-spending lower boundary would alter the design and create futility boundaries at looks where the local rules require NA; efficacy can instead be computed separately from the look-1 CP decision rule.,high,
verifier_compare,health_medicine__healthcare_sap_group_sequential_nsclc,3,use,False,prescriptive_impact,,must,"gsCP() has materially different behavior when theta is omitted versus explicitly set, so its default does not transparently represent conditional power under the design alternative.","runtime:Rscript probe of gsDesign::gsCP on an sfLDOF three-look design at i=1, zi=0","At look 1 with z=0, sum of future upper-crossing probabilities was 0.202799 when theta was omitted, 0.00220599 with theta=0, and 0.198387 with theta explicitly set to the design alternative x$delta=2.801585.","Because the futility threshold is 0.20, the omitted-theta and explicit-alternative calls fall on opposite sides of the threshold in this bounded probe; the assumed effect and CP calculation must therefore be explicitly defined in the SAP and code.",high,
verifier_compare,health_medicine__healthcare_sap_group_sequential_nsclc,4,use,True,,,,"The protocol supplies both operating characteristics from which a Schoenfeld event requirement can be calculated and a separate fixed target_events value, so these are distinct quantities rather than a single unambiguous sample-size input.",input/protocol.json#primary_endpoint,"The same object contains target_hazard_ratio=0.73, alpha_one_sided=0.025, power=0.8, and target_events=240; the instructions separately request a Schoenfeld calculation and use of target events.","The analysis needs to preserve and label the calculated fixed-design event requirement, the protocol-specified 240-event target, and any sequentially inflated quantity separately rather than silently substituting one for another.",high,
verifier_compare,legal__agora_governance_classify_instance_1,1,use,False,prescriptive_impact,,must,"The cached TAKE IT DOWN text is an engrossed Senate bill rather than a locally identified enacted public law, even though its drafted provisions include criminal and FTC enforcement mechanisms.","input/documents/1293_take_it_down_act.txt#lines 1-3, 235-243, 387-405","The header says ""[S. 4569 Engrossed in Senate (ES)]""; later text provides that a violator ""shall be fined under title 18, United States Code, imprisoned not more than 2 years, or both"" and that the Commission ""shall enforce this section"".","Legislative-status reasoning must account for the cached instrument's procedural-stage header rather than inferring enactment solely from bill-form language such as ""AN ACT"" and drafted penalties.",high,
verifier_compare,legal__agora_governance_classify_instance_1,2,use,True,,,,"The San José policy contains concrete internal and contractual enforcement language, not merely aspirational principles.",input/documents/2047_sanjose_ai_policy_1_7_12.txt#lines 243-266,"It states that covered persons ""are r equired to abide by this Policy"" and that violations ""may be subject to disciplinary action, up to and including termination""; third-party violations may cause ""a breach of contract and/or pursuit of damages.""","The legislative-status analysis needs to test these locally stated enforcement mechanisms against the taxonomy's precise Hard Law, Soft Law, and Other standards instead of classifying from the word “policy” alone.",high,
verifier_compare,legal__agora_governance_classify_instance_1,3,use,True,,,,"The Anthropic document explicitly connects its Effective Compute metric to FLOPs, but the relevant language appears in a numbered footnote rather than the main threshold discussion.",input/documents/768_anthropic_responsible_scaling_policy.txt#lines 369-375,“Effective Compute” is a scaling-trend-based metric that accounts for both FLOPs and algorithmic improvements.,A full-text search including footnotes is necessary when applying the Compute Threshold category; reading only headings and body summaries would miss the taxonomy's required FLOPs concept.,high,
verifier_compare,legal__agora_governance_classify_instance_1,4,use,False,prescriptive_impact,,should,"The canonical cached texts preserve extraction artifacts that are part of exact-substring matching, including form-feed page breaks in the Anthropic text and OCR-like spaces inside words in the San José text.",input/documents/2047_sanjose_ai_policy_1_7_12.txt#lines 245-264,"Examples include ""are r equired to abide"" and ""loca l, state""; runtime inspection also found 22 form-feed characters in the Anthropic cache.",Evidence should be copied directly from contiguous cached text and programmatically substring-checked; visually normalized PDF wording or silently repaired spacing can fail the verbatim-evidence requirement.,high,
verifier_compare,legal__agora_governance_classify_instance_1,5,use,False,prescriptive_impact,,must,"The San José document's definitions broaden its technical references beyond generic AI terminology to prediction, recommendation, decision-making, automated generation, models, and model inference.",input/documents/2047_sanjose_ai_policy_1_7_12.txt#lines 270-290,"It defines AI as a system that can ""make predictions, recommendations, or decisions"" and says such systems ""abstract such perceptions into models"" and ""use model inference""; its System definition covers software that can ""automatically generate outputs.""","Technical-scope classification must inspect the definitions section and apply concept-based taxonomy rules, rather than relying only on literal category names in the policy body.",high,
verifier_compare,legal__legal_dr_fees_01,1,use,True,,,,A separate BAC schedule titled for the mediation-arbitration connection fast procedure calculates the charge as a percentage of the sum of an arbitrator-remuneration base A and an institution-fee base B; the percentage is 25% for dispute amounts from RMB 200 million through RMB 1 billion.,"input/documents/《北京仲裁委员会调仲对接快速程序规则案件收费标准》.pdf#pages 1-2, table and note 1","The table states “收费金额 C=(A+B)×下述收费比例”; the RMB 200 million–500 million and RMB 500 million–1 billion rows carry 25%, with A and B separately defined by the ordinary fee formulas.",The settlement-before-application condition requires examining this distinct schedule rather than applying only the ordinary fee table; the separate A and B columns also matter for producing the two requested component fields.,high,
verifier_compare,legal__legal_dr_fees_01,2,use,False,prescriptive_impact,,must,"The ordinary BAC fee table uses direct piecewise affine formulas for remuneration and institution fees, not a smooth marginal-rate accumulation across all preceding tiers.","input/documents/《北京仲裁委员会案件收费标准》.pdf#page 1, fee table","For RMB 5 million–10 million, the table directly gives arbitrator remuneration as RMB 55,000 plus 0.50% of the amount above RMB 5 million, and institution fees as RMB 23,500 plus 0.45% of the amount above RMB 5 million. These listed bases do not equal a naive accumulation of all prior displayed rates.",Each amount must first be placed in its exact row and evaluated from that row’s stated base and excess formula; implementing the table as generic progressive tax brackets can produce different values.,high,
verifier_compare,legal__legal_dr_fees_01,3,use,False,prescriptive_impact,,must;use,"Dispute amounts at or below RMB 250,000 incur fixed ordinary fees regardless of how small the positive amount is.","input/documents/《北京仲裁委员会案件收费标准》.pdf#page 1, first fee-table row","The “25万元以下（含25万元）” row specifies arbitrator remuneration of RMB 12,000 and institution fees of RMB 5,000, with no percentage calculation.",The low-value branch must use the fixed amounts rather than multiplying the dispute amount by a rate or prorating the minimum.,high,
verifier_compare,legal__legal_dr_fees_01,4,use,False,prescriptive_impact,,should,"The general refund schedule is framed only for already accepted cases and branches on withdrawal after filing, such as before tribunal formation, after formation but before hearing, and after hearing.","input/documents/《北京仲裁委员会案件退费标准》.pdf#page 1, 2019-09-01-and-later rules 1-3","It begins “2019年9月1日后…受理的案件” and then lists “组庭前撤案”, “组庭后至开庭前撤案”, and “开庭后撤案”; for pre-tribunal withdrawal it refunds all remuneration and 50% of the institution fee.","A settlement expressly occurring before an arbitration application is not itself one of these post-acceptance withdrawal stages, so the general withdrawal-refund percentages should not automatically be treated as the settlement fee rule.",high,
