endpoint,task,base_status,base,prep_status,prep,verifier_status,verifier,prep_verifier_status,prep_verifier,prep_delta,verifier_delta,prep_verifier_delta,verifier_main_effect,prep_main_effect,verifier_prep_interaction
verifier_v6_canary,business_finance__bpmn_supply_disruption_l3,completed,0.8362,completed,0.8538,completed,0.8119,completed,0.8129,0.01759999999999995,-0.0243000000000001,-0.0233000000000001,-0.03260000000000007,0.009299999999999975,-0.016599999999999948
verifier_v6_canary,business_finance__legal_ma_consistency_audit_01,completed,0.0,completed,0.0,completed,0.0,completed,0.0,0.0,0.0,0.0,0.0,0.0,0.0
verifier_v6_canary,business_finance__sec_10k_financial_parsing,completed,0.7103,completed,0.6951,completed,0.7103,completed,0.6482,-0.015199999999999991,0.0,-0.062100000000000044,-0.023450000000000026,-0.03865000000000002,-0.04690000000000005
verifier_v6_canary,education_info__marc_remediation_folio_overlay,completed,0.2,completed,0.2,completed,0.2,completed,0.2,0.0,0.0,0.0,0.0,0.0,0.0
verifier_v6_canary,health_medicine__crf_sdtm_mapping_1,completed,0.0,completed,0.0,completed,0.0,completed,0.0,0.0,0.0,0.0,0.0,0.0,0.0
verifier_v6_canary,health_medicine__flusight_offline_hosp_forecast_2024_12_14,completed,0.717475137417416,completed,0.7460503541813128,completed,0.7283618446206785,completed,0.7061039233340323,0.02857521676389685,0.010886707203262569,-0.011371214083383707,-0.014529861822008994,0.0031586477386252865,-0.050833138050543125
verifier_v6_canary,health_medicine__healthcare_sap_group_sequential_nsclc,completed,0.25,completed,0.25,completed,0.25,completed,0.37857142857142856,0.0,0.0,0.12857142857142856,0.06428571428571428,0.06428571428571428,0.12857142857142856
verifier_v6_canary,health_medicine__healthcare_tcga_luad_survival_kras,completed,0.84,completed,0.84,completed,1.0,completed,0.84,0.0,0.16000000000000003,0.0,0.08000000000000002,-0.08000000000000002,-0.16000000000000003
verifier_v6_canary,health_medicine__healthcare_variant_annotation_pipeline,completed,0.9990000000000001,completed,0.7930000000000001,completed,0.7930000000000001,completed,0.7930000000000001,-0.20599999999999996,-0.20599999999999996,-0.20599999999999996,-0.10299999999999998,-0.10299999999999998,0.20599999999999996
