endpoint,task,verifier_status,combined_status,verifier_cached,combined_cached,fingerprint_equal,spec_sha256_equal,verifier_fingerprint,spec_sha256
verifier_v6_canary,business_finance__bpmn_supply_disruption_l3,verify,verify,False,True,True,True,eec13d159c534931ddb9a104b9a015fd1e6ef5f85fc4707047d12df2bae6e6eb,8422cded59f73294d690119c736ed983e97247a6c5fe5f884a1bf11ea1f01fd7
verifier_v6_canary,business_finance__legal_ma_consistency_audit_01,verify,verify,False,True,True,True,ae8b5d6d4d3799af18393b8b7eb4a290beb08a5fcd62579d3bae1950adda3ac5,952d6c7840c55bbb0224a75dc54e3bece310dd939264ae085dcae682871020e0
verifier_v6_canary,business_finance__sec_10k_financial_parsing,verify,verify,False,True,True,True,16280dcc8d9131a316ad0a18f08e6657511cb8251ac15f379e670d2c78321ceb,332131135000bcf1ca7b45e114bf64e8c923a4a61cd88101d2e71c22d882bcc5
verifier_v6_canary,education_info__marc_remediation_folio_overlay,verify,verify,True,False,True,True,ac66e56cf5a76bea73870998ed4e0bda7d25d0c86e4de8db5f4de8e9ae30e589,28b154d2a1190089ec6425568d36b5e51f788acaaad03a1d1bad6b8587d58636
verifier_v6_canary,health_medicine__crf_sdtm_mapping_1,verify,verify,False,True,True,True,e2341a7ecccefe0ccac0cdd6c2d1a01165323de24f9a87986d9ef1b72b64bb8b,cdef367665fc6b805a91ac10938aa32e472e1a2027fcac6507a8937f591ed07d
verifier_v6_canary,health_medicine__flusight_offline_hosp_forecast_2024_12_14,verify,verify,False,True,True,True,2a33c41ecc21912dbcca73f9170780840ac7497bd24b97f6035eddb719906ebc,d77a97a4765b28333b8ce36fe4a7afa05af33920cc8f8709f6fb060c92010f86
verifier_v6_canary,health_medicine__healthcare_sap_group_sequential_nsclc,verify,verify,False,True,True,True,96b642182e400c681785ecd1f6813e12f352785b8a30f82c6dc4b123179ecbb9,cbaac0dfb1c2089218be327a747e715ab18a55443029b351e769355f5310042a
verifier_v6_canary,health_medicine__healthcare_tcga_luad_survival_kras,verify,verify,False,True,True,True,98ce684ad6ca334cb765ddabb071098b166af44136969abf5ba8e732cf4f0436,5627b1dc521974aa8781af225fe6df2d465ccd6a6ac84665fb9149aef8caa026
verifier_v6_canary,health_medicine__healthcare_variant_annotation_pipeline,verify,verify,False,True,True,True,7cbeed438c6069f9c83f9d519f7223f3ed137ce55cb01949bfbe664be262728c,c4e2b29fb3323bdb6f2b1bc6abddf160fb54bae37c1ecfd4fffe684589369686
