endpoint,task,index,decision,retained,filter_reason,prescriptive_claim_words,prescriptive_impact_words,title,kind,input_gap,claim,local_source,evidence,solver_impact,risk_if_ignored,verification,confidence,focus_kind,task_relation,applies_if,do_not_infer,artifact_path,parse_error
prep_bundle_six_v15,business_finance__sse_northbound_programmatic_trading_01,1,use,False,unknown,,should,Same-LEI financial-reporting join receipt,artifact,"A static three-row join receipt places the default route, the same-identifier financial-field exception, and the LEI-to-identifier mapping together with exact source locators.",The staged 填报说明 contains all three join edges: account reports normally follow the corresponding participant; accounts opened under one 证件号码 may centralize listed financial fields including 杠杆资金规模 through one participant; and institutional LEI is an example of that 证件号码 with an express cross-reference to centralized reporting.,input/extracted_text/1-2_填报说明.txt#lines 15-16;input/extracted_text/1-2_填报说明.txt#line 29;input/document_manifest.json#doc_02,"Line 15 states that multiple accounts at different participants are reported through their corresponding participants; line 16 states that an institutional investor with accounts opened under the same 证件号码 may select one participant to report enumerated financial fields, expressly including 杠杆资金规模. | “填写投资者登记券商客户编码时的证件号码，例如机构投资者填写LEI码。该字段填写相同证件号码的机构账户，可以适用填报说明第二条第二款规定，选取一家联交所参与者集中填报资金信息。” | doc_02 maps the source document to extracted_text/1-2_填报说明.txt and records source SHA-256 fd739a4d4dc430b8cec633bde35901d766c053c5279452295df899d2263a7a66.","Informs whether the solver should analyze the leverage-scale field under the general per-account route or the specific centralized financial-information provision, without selecting a conclusion.","Do not infer a final Yes/No/Unknown conclusion, that the centralization option was actually elected, that every field may be centralized, or that reports through the other participants disappear; the receipt records only the staged provisions and their join.","wc -l task_prep/artifacts/same_lei_financial_reporting_join.tsv && sha256sum task_prep/artifacts/same_lei_financial_reporting_join.tsv && sed -n '15,16p;29p' input/extracted_text/1-2_填报说明.txt",high,input_index,supplements,Applies when assessing financial-information fields for an institutional investor with accounts at multiple 联交所参与者 using the same LEI/证件号码.,"Do not infer a final Yes/No/Unknown conclusion, that the centralization option was actually elected, that every field may be centralized, or that reports through the other participants disappear; the receipt records only the staged provisions and their join.",same_lei_financial_reporting_join.tsv,
prep_bundle_six_v15,education_info__homework_grading_numerical_pdes_instance_02,1,use,False,report_rejected,,must;use,Absolute-root conflict receipt,observation,A bounded existence probe establishes that the public-prompt root exists in this runtime while the differently named bundled root does not.,"At preflight time, `/media/user/data/agenthle/education_info/homework_grading_numerical_pdes_instance_02/base` exists, while `/media/user/data/agenthle/education/homework_grading_numerical_pdes_instance_02/base` does not; input/TASK_PROMPT.md uses the latter for its task, input, wrapper, and output paths.","input/TASK_PROMPT.md#lines 3-9,16,27-28;runtime:probe","The file names `/media/user/data/agenthle/education/homework_grading_numerical_pdes_instance_02/base` and absolute descendants, whereas the public task root contains the additional `_info` segment. | `test -d` returned exists for the `education_info` root and absent for the `education` root.","Informs whether workflow code can safely use the bundled absolute paths or must locate resources from the active public task root, without deciding any grades or output contents.","This does not authorize changing required filenames, reading outside the visible inputs, ignoring other bundled instructions, or choosing any grade, tag, feedback, or representation policy.",Run: `test -d /media/user/data/agenthle/education_info/homework_grading_numerical_pdes_instance_02/base && echo 'public_root=exists' || echo 'public_root=absent'; test -d /media/user/data/agenthle/education/homework_grading_numerical_pdes_instance_02/base && echo 'bundled_root=exists' || echo 'bundled_root=absent'; grep -nE 'Task directory:|education(_info)?/homework|final deliverables only' /media/user/data/agenthle/education_info/homework_grading_numerical_pdes_instance_02/base/input/TASK_PROMPT.md`,high,task_conflict,supplements,The grading workflow uses or derives paths from absolute locations written in input/TASK_PROMPT.md.,"This does not authorize changing required filenames, reading outside the visible inputs, ignoring other bundled instructions, or choosing any grade, tag, feedback, or representation policy.",,
prep_bundle_six_v15,health_medicine__crf_sdtm_mapping_4,1,use,False,invalid_source,,must,Define-file provenance receipt,observation,Establishes the standards and dataset provenance of both XML files and locates the actual SUPPAE ItemGroup and QVAL value list.,"sdtm_define.xml declares SDTM-IG 3.2 and contains IG.SUPPAE plus VL.SUPPAE.QVAL; supp_define.xml declares ADaM-IG 1.1, contains IG.ADAE rather than IG.SUPPAE, and includes ADAE fields whose origins reference SUPPAE QNAM values.",input/source_documents/sdtm_define.xml#MetaDataVersion lines 26-29; VL.SUPPAE.QVAL line 397; IG.SUPPAE lines 2976-2981;input/source_documents/supp_define.xml#MetaDataVersion lines 20-23; IG.ADAE; IT.ADAE.AEMERES origin;input/task_brief.md#lines 12-13,"The file declares def:StandardName=""SDTM-IG"" and def:StandardVersion=""3.2"", defines VL.SUPPAE.QVAL, and defines ItemGroupDef OID=""IG.SUPPAE"" with SASDatasetName=""SUPPAE"". | The file declares def:StandardName=""ADaM-IG"" and def:StandardVersion=""1.1""; its AE-related ItemGroup is IG.ADAE, and an ADAE origin states “SUPPAE.QVAL where SUPPAE.QNAM='AEMERES'”. | The brief separately labels sdtm_define.xml as “SDTM define.xml metadata” and supp_define.xml as “supplemental define.xml material provided with the submission.”","Informs whether the extraction workflow must distinguish direct SDTM/SUPPAE definitions from downstream ADAE references before joining CRF annotations to metadata, without deciding which mappings belong in the output.","Do not infer that supp_define.xml may be ignored, that its ADAE variables are themselves SUPPAE output rows, that every QNAM in sdtm_define.xml must be mapped, or that either file alone determines the final mapping roster.","From the task root, run: grep -n -m 8 -E 'def:StandardName|def:StandardVersion|VL\.SUPPAE\.QVAL|OID=""IG\.SUPPAE""' input/source_documents/sdtm_define.xml; grep -n -m 12 -E 'def:StandardName|def:StandardVersion|OID=""IG\.ADAE""|OID=""IG\.SUPPAE""|SUPPAE\.QVAL' input/source_documents/supp_define.xml",high,task_conflict,supplements,"Applies when locating authoritative task-local metadata for AE or SUPPAE variables, origins, controlled terms, or supplemental QNAMs across the two XML files.","Do not infer that supp_define.xml may be ignored, that its ADAE variables are themselves SUPPAE output rows, that every QNAM in sdtm_define.xml must be mapped, or that either file alone determines the final mapping roster.",,
prep_bundle_six_v15,health_medicine__flusight_offline_hosp_forecast_2024_12_14,1,use,False,report_rejected,,must;use,Historical missingness receipt,artifact,"A static receipt records the snapshot hash, key integrity, missing-value totals, affected jurisdictions, and seven contiguous missing-date runs.","In the identified frozen snapshot, there are no duplicate `(location,date)` keys and every location has 150 rows, but `value` and `weekly_rate` each have 36 blanks across locations 25, 27, and 54; these form seven contiguous runs, and none occur on the latest date.","input/historical_weekly_hospital_admissions_asof_2024-12-14.csv#as_of,location,date,value,weekly_rate;input/historical_weekly_hospital_admissions_asof_2024-12-14.csv#location 25,27,54","SHA-256 `61c165879482bb0c8b77865006037db442198752542c9ecf08753a5cb9d54d30`; 7,950 rows, 53 locations, 150 dates per location, 0 duplicate `(location,date)` keys, and 36 blank values in each of `value` and `weekly_rate`. | Blank `value` runs: location 25 has 2024-05-18..2024-06-22 and 2024-07-27..2024-10-05; location 27 has 2024-05-18..2024-06-22, 2024-07-27..2024-08-31, 2024-09-21, and 2024-10-05; location 54 has 2024-09-07..2024-10-05.","Informs whether the forecasting workflow must use a missing-aware fitting path or explicitly address incomplete histories before model fitting, without selecting a missing-data policy.","Do not infer that blanks are zeros, that any particular imputation or row-deletion policy is authorized, or that unaffected locations require no other data checks.","sha256sum input/historical_weekly_hospital_admissions_asof_2024-12-14.csv && python3 - <<'PY'
import csv,json
p='input/historical_weekly_hospital_admissions_asof_2024-12-14.csv'
r=json.load(open('task_prep/artifacts/history_missingness_receipt.json'))
with open(p,newline='') as f: rows=list(csv.DictReader(f))
keys=[(x['location'],x['date']) for x in rows]
blank=[x for x in rows if x['value']=='']
print({'rows':len(rows),'locations':len({x['location'] for x in rows}),'duplicate_keys':len(keys)-len(set(keys)),'blank_value':len(blank),'blank_weekly_rate':sum(x['weekly_rate']=='' for x in rows),'affected':sorted({x['location'] for x in blank}),'latest_blank':sum(x['date']=='2024-12-14' and x['value']=='' for x in rows)})
print({'receipt_blank_value':r['blank_value_count'],'receipt_runs':len(r['blank_value_runs'])})
PY",high,input_index,supplements,The historical CSV SHA-256 is `61c165879482bb0c8b77865006037db442198752542c9ecf08753a5cb9d54d30` and the solver fits models using jurisdiction histories containing the affected dates.,"Do not infer that blanks are zeros, that any particular imputation or row-deletion policy is authorized, or that unaffected locations require no other data checks.",history_missingness_receipt.json,
