endpoint,task,arm,iteration,overall,snapshot_sha256,id,type,blocking,status,requirement,source,source_quote,source_status,source_evidence,evidence,observed,expected,repair_hint
verifier_v9_quote_canary,business_finance__legal_ma_consistency_audit_01,verifier,0,unverifiable,5f82bc3e0181090cbcb5727dacc98d64c5c70661fa5f567a4736236ac30526bb,delivery.single.markdown,deterministic,True,pass,The deliverable must consist of exactly one Markdown file at output/audit_report.md.,input/task_brief.md lines 5-7,"Deliver exactly one file:
- `output/audit_report.md`",supported,input/task_brief.md lines 5-7 state exactly: “Deliver exactly one file:\n\n- `output/audit_report.md`”.,"`find /tmp/ale-verifier-7bc07a42b2ca/snapshot-0 -type f -printf '%P\n'` returned only `audit_report.md`. `file` identified it as “Unicode text, UTF-8 text”; it is readable and begins with the Markdown heading `# Share Transfer Disclosure Consistency Review`. The rejected-symlink receipt was empty.","One regular readable Markdown file, audit_report.md, exists in the snapshot root corresponding to output/audit_report.md.","Exactly one regular output file exists, and its relative path is output/audit_report.md.",
verifier_v9_quote_canary,business_finance__legal_ma_consistency_audit_01,verifier,0,unverifiable,5f82bc3e0181090cbcb5727dacc98d64c5c70661fa5f567a4736236ac30526bb,report.language.english,deterministic,True,pass,"The audit report's narrative, titles, and explanations must be written in English; Chinese may appear in the required source quotations.",input/task_brief.md lines 9-11,1. Write in English.,supported,input/task_brief.md line 11 states exactly: “1. Write in English.”,"All report headings, five finding titles, scope, conflict explanations, and conclusion are English. Chinese characters are confined to evidence quotations and Chinese names/terms within the English discussion.",English narrative and titles with Chinese used for source evidence and names.,"Finding titles and explanatory narrative are English rather than Chinese, apart from quoted evidence, names, and source identifiers.",
verifier_v9_quote_canary,business_finance__legal_ma_consistency_audit_01,verifier,0,unverifiable,5f82bc3e0181090cbcb5727dacc98d64c5c70661fa5f567a4736236ac30526bb,findings.required.components,deterministic,True,pass,"Every reported finding must contain a short English title, a brief explanation of the conflict, original Chinese evidence, and a document-name/page-number location marker.",input/task_brief.md lines 13-17,"For each finding, include:
- a short English title;
- a brief explanation of the conflict;
- the original Chinese text that proves the issue;
- a location marker with document name and page number.",supported,"input/task_brief.md lines 13-17 state: “For each finding, include:\n   - a short English title;\n   - a brief explanation of the conflict;\n   - the original Chinese text that proves the issue;\n   - a location marker with document name and page number.”","A deterministic section parse found 5 sections headed `## Finding 1` through `## Finding 5`. Each has a nonempty English title, a `Why it is inconsistent` explanation, an `Evidence` list containing Chinese characters, and document/page citations. Citation counts by finding were 4, 2, 2, 4, and 5 respectively.",All 5 findings contain all four required components.,Every finding section contains all four required components.,
verifier_v9_quote_canary,business_finance__legal_ma_consistency_audit_01,verifier,0,unverifiable,5f82bc3e0181090cbcb5727dacc98d64c5c70661fa5f567a4736236ac30526bb,citations.valid.documents.pages,deterministic,True,unverifiable,Each evidence location must identify one of the staged documents and a valid page number for that document.,input/task_brief.md lines 16-17; input/document_manifest.json documents entries,"- the original Chinese text that proves the issue;
- a location marker with document name and page number.",ambiguous,"input/task_brief.md lines 16-17 provide only “the original Chinese text that proves the issue” and “a location marker with document name and page number.” Although input/document_manifest.json separately lists the four staged documents and page counts (Announcement 16, Buyer 1 Report 21, Buyer 2 Report 20, Seller Report 33), those requirement-bearing manifest excerpts are absent from the registered `source_quote`. The criterion’s added requirements that names resolve through the manifest and pages be integers in the declared range are therefore stronger than the quoted wording.","Operationally, all 17 evidence citations use manifest English names and in-range pages: Announcement pages 1, 2, 4, 5, 11, 15; Buyer 1 Report pages 5 and 12; Buyer 2 Report page 7; Seller Report pages 4 and 11. However, the source-status ambiguity prevents converting this check into a pass.",17/17 citations operationally resolve to staged documents and in-range numeric pages.,All evidence citations resolve unambiguously to a manifest document and an in-range page.,
verifier_v9_quote_canary,business_finance__legal_ma_consistency_audit_01,verifier,0,unverifiable,5f82bc3e0181090cbcb5727dacc98d64c5c70661fa5f567a4736236ac30526bb,evidence.verbatim.on.cited.page,deterministic,True,pass,Chinese evidence presented as source text must actually occur on the cited page of the staged document.,input/task_brief.md lines 16-17 and lines 22-24,"- the original Chinese text that proves the issue;
- a location marker with document name and page number.
- `input/extracted_text/` contains page-labeled UTF-8 text extracted from the PDFs for easier search.",supported,input/task_brief.md lines 16-17 state “the original Chinese text that proves the issue” and “a location marker with document name and page number”; lines 22-23 state: “`input/source_documents/` contains the original PDFs.” and “`input/extracted_text/` contains page-labeled UTF-8 text extracted from the PDFs for easier search.”,"Parsed all 17 backtick-delimited Chinese evidence entries and selected their cited `=== Page N ===` sections. Sixteen entries were exact matches after Unicode/whitespace normalization. The remaining Announcement page 2 entry explicitly uses `……` omission separators: its Buyer 2 name, share-count, and price fragments occur on page 2, while the same page’s table lines 51-53 contain `协议转让对价`, an intervening extraction-order label `价款支付方式`, and `146,660,323.00`; inspection of the corresponding public PDF page confirmed these as the table field and value. The quote’s omission markers were therefore handled as fragment separators rather than required source characters.",17/17 Chinese evidence entries are attributable to their cited pages; 16 normalize to direct exact containment and 1 is a table-layout/ellipsis case confirmed from the cited PDF page.,Every quoted Chinese excerpt is present on its cited page and is attributed to the correct document.,
verifier_v9_quote_canary,business_finance__legal_ma_consistency_audit_01,verifier,0,unverifiable,5f82bc3e0181090cbcb5727dacc98d64c5c70661fa5f567a4736236ac30526bb,sampled.conflicts.support.and.coverage,public_evidence,True,pass,"Reported issues must be genuine factual conflicts supported by the documents, and material inconsistencies observable in the bounded public sample must be reported.",input/task_brief.md lines 12 and 18,"2. Identify every material inconsistency you can support from the documents.
4. Do not invent issues that the documents do not support.",supported,input/task_brief.md lines 12 and 18 state exactly: “2. Identify every material inconsistency you can support from the documents.” and “4. Do not invent issues that the documents do not support.”,"Cross-comparison of the five fixed sampled pages found no omitted contradiction among their directly comparable transaction facts: Announcement page 1, Buyer 1 Report page 4, Buyer 2 Report page 4, and Seller Report page 4 consistently state transfers of 11,281,564 shares (5%) to each buyer and the seller’s reduction from 36.15% to 26.15%; Seller Report page 11 consistently states RMB 146,660,332.00 for each transfer and the same share counts. Findings relying partly on sampled pages are genuine when combined with their other cited pages: Finding 1 contrasts Seller Report page 11’s `146,660,332.00` with Announcement page 2’s `146,660,323.00`; Finding 5 uses Announcement page 1 and Seller Report page 4 as confirmation that the transferor is/remains the controlling shareholder, contradicting Announcement pages 2 and 15’s statement that the transaction does not involve it. The other three findings are supported by their cited nonsampled pages.",No material contradiction is directly demonstrated solely among the five sampled pages; all report findings touching sampled pages are supported by affirmative conflicting statements elsewhere in their cited evidence.,"All sampled-page findings are semantically supported, and no material inconsistency directly demonstrated by the sampled pages is omitted.",
