endpoint,task,arm,iteration,overall,snapshot_sha256,id,type,blocking,status,requirement,source,source_quote,evidence,observed,expected,repair_hint
verifier_smoke,business_finance__sec_10k_financial_parsing,prep_verifier,0,fail,4ac948592ae00b0b588fbedac5e5463e7406eac4a825e3167ab7dc5df0dd9867,outputs.corpus.completeness,deterministic,True,pass,"Produce one normalized extraction JSON and one raw extraction text file for every filing, plus the QA answer file.","public task prompt, Your job items 1-4; input/filings/manifest.json",Parse every filing in `input/filings/`. Save one normalized extraction JSON per filing to .../output/extractions. Save one raw extraction text file per filing to .../output/raw_extractions. Answer the analytical questions and save them to .../output/qa_answers.json.,"Manifest parsed as 100 records. Snapshot enumeration found exactly 100 files in extractions (all .json), exactly 100 files in raw_extractions (all .txt), no missing/extra/duplicate basenames relative to manifest local_path, and no empty files. All 100 extraction JSONs parsed successfully; all 100 raw files decoded as UTF-8 and were nonempty. qa_answers.json exists and parsed successfully.","100/100 extraction JSONs, 100/100 readable raw text files, zero missing/extra/duplicate/unreadable artifacts, and one parseable qa_answers.json.","All 100 manifest filings have exactly one corresponding parseable extraction JSON and one corresponding readable raw text artifact, with no extras, plus a parseable qa_answers.json.",
verifier_smoke,business_finance__sec_10k_financial_parsing,prep_verifier,0,fail,4ac948592ae00b0b588fbedac5e5463e7406eac4a825e3167ab7dc5df0dd9867,extractions.schema.conformance,deterministic,True,pass,"Every normalized extraction must conform exactly to the published extraction schema, including required fields, field types, date formats, and prohibition of additional properties.","input/schema/extraction_schema.json lines 6-7, 31-44, 87-90","""type"": ""object"", ""required"": [""company_name"", ""ticker"", ""cik"", ""filing_date"", ""fiscal_year_end"", ""financials""] ... ""required"": [""revenue"", ""cost_of_revenue"", ""operating_income"", ""net_income"", ""total_assets"", ""total_liabilities"", ""stockholders_equity"", ""cash_and_equivalents"", ""eps_basic"", ""eps_diluted""] ... ""additionalProperties"": false","Loaded input/schema/extraction_schema.json and validated all 100 files under snapshot/extractions plus all 5 files under snapshot/run2_extractions using jsonschema.Draft202012Validator with FormatChecker. Result: checked=105, validation errors=0.",All 105 normalized extraction documents passed Draft 2020-12 schema and date-format validation without errors.,"Every first-pass and run-2 extraction validates with no missing property, invalid type/date, or additional property.",
verifier_smoke,business_finance__sec_10k_financial_parsing,prep_verifier,0,fail,4ac948592ae00b0b588fbedac5e5463e7406eac4a825e3167ab7dc5df0dd9867,extractions.metadata.manifest,deterministic,True,pass,"Extraction identity metadata must agree with the public filing manifest, including the schema-required zero-padded CIK and filing date.","input/filings/manifest.json record keys ticker, cik, company_name, filing_date, local_path; input/schema/extraction_schema.json lines 9-24","""description"": ""Full legal company name"" ... ""description"": ""Stock ticker symbol"" ... ""description"": ""SEC Central Index Key, zero-padded to 10 digits"" ... ""description"": ""Date the filing was submitted to SEC (YYYY-MM-DD)""","Associated extraction basenames with all 100 manifest local_path values and compared company_name, ticker, cik, and filing_date exactly. Result: checked=100, mismatches=0. Independent regex check ^[0-9]{10}$ found zero invalid CIKs.","400/400 metadata field comparisons matched, and all 100 CIK values are ten-digit strings.","All four identity fields exactly equal their manifest values for every filing, and every CIK is a zero-padded 10-digit string.",
verifier_smoke,business_finance__sec_10k_financial_parsing,prep_verifier,0,fail,4ac948592ae00b0b588fbedac5e5463e7406eac4a825e3167ab7dc5df0dd9867,financials.normalization.types,deterministic,True,pass,"Non-null monetary fields must be raw-USD integers, non-null EPS values must be rounded to two decimal places, and absent values must be null rather than zero.",input/schema/normalization_rules.txt lines 3-9; input/schema/extraction_schema.json lines 46-84,"All monetary values must be in raw USD, not millions or billions. ... EPS values in USD, rounded to exactly 2 decimal places If a field is genuinely not reported in the filing, use null (not 0)","Inspected all financial fields in 100 first-pass and 5 run-2 JSONs. Every non-null value among revenue, cost_of_revenue, operating_income, net_income, total_assets, total_liabilities, stockholders_equity, and cash_and_equivalents was a JSON integer; every non-null eps_basic/eps_diluted was numeric and exactly equal to its Decimal quantization at 0.01. Violations=0. Schema validation also established that all required financial keys are present and values are only their allowed numeric type or null.","105 files checked; zero monetary type, numeric-string, fractional-monetary, or EPS precision violations.","Every non-null monetary value is an integer, every non-null EPS value has no precision beyond two decimal places, and required missing values are represented as null.",
verifier_smoke,business_finance__sec_10k_financial_parsing,prep_verifier,0,fail,4ac948592ae00b0b588fbedac5e5463e7406eac4a825e3167ab7dc5df0dd9867,financials.public.evidence.sample,public_evidence,True,fail,"Extracted financial values must match the applicable most-recent-fiscal-year values reported in their source filings after applying the published scaling, sign, and EPS rules.",input/filings/*.pdf financial statements; input/schema/normalization_rules.txt lines 3-11,"Parenthetical values are negative: ""(1,234)"" → -1234 ... EPS values in USD, rounded to exactly 2 decimal places ... Use the most recent fiscal year's data if the filing contains comparative multi-year tables","Direct pdftotext -layout inspection of the five public PDFs found one mismatch. XOM_10K_2024.pdf page 59, extracted-text lines 2294-2301, labels units as millions except where stated, gives year columns 2024/2023/2022, and reports 2024 'Earnings (loss) per common share (dollars)' as 7.84 and the diluted row as 7.84; snapshot/extractions/XOM_10K_2024.json has financials.eps_basic=null (run 2 is also null). JPM_10K_2021.pdf page 217, lines 11429 and 11460-11461, reports 2021 diluted EPS 15.36, matching the artifact. JNJ_10K_2018.pdf page 59, lines 2428-2445, and JNJ_10K_2020.pdf pages 73-74, lines 2748-2764, show audited earnings statements without an operating-income row; the sampled artifact values are null, consistent with genuinely unreported fields. PFE_10K_2016.pdf is a 55-page shell filing whose page 2 states that the 2016 Annual Report is incorporated by reference; a full-text search of this visible PDF found no 'operating income', 'operating profit', 'operating earnings', or 'operating loss' financial-statement row, consistent with the artifact's null.",Sample results: XOM 2024 eps_basic observed null versus reported 7.84; JPM 2021 eps_diluted 15.36 versus 15.36; JNJ 2018 operating_income null with no reported row; JNJ 2020 operating_income null with no reported row; PFE 2016 operating_income null with no reported row in the supplied PDF.,"All five sampled fields exactly match the most-recent-year normalized values directly supported by their PDFs; specifically, XOM_10K_2024 financials.eps_basic must be 7.84 rather than null.","Set financials.eps_basic in extractions/XOM_10K_2024.json and run2_extractions/XOM_10K_2024.json to 7.84, preserving first-pass/run-2 equality."
verifier_smoke,business_finance__sec_10k_financial_parsing,prep_verifier,0,fail,4ac948592ae00b0b588fbedac5e5463e7406eac4a825e3167ab7dc5df0dd9867,qa.answers.formulas,deterministic,True,fail,"qa_answers.json must answer Q1-Q3 in the requested structures, scopes, order, and rounding using the normalized extraction data.","input/questions.json records Q1-Q3, lines 3-15","""largest percentage increase in revenue from its earliest available fiscal year to its latest"" ... ""lowest operating margin (operating_income / revenue)"" ... ""rank all 10 companies by stockholders_equity from highest to lowest""","Recomputed from the 100 normalized extraction JSONs, grouped by manifest ticker and fiscal_year. Q1's maximum is PFE: earliest non-null revenue=27,100,000 (2015), latest revenue=63,627,000,000 (2024), yielding 234685.9778597786%, rounded to 234686.0; qa_answers.json reports MSFT/161.8. Q2's minimum among non-null revenue and operating_income values is WMT 2023: 20,428,000,000 / 611,289,000,000 = 3.3417908714%, rounded to 3.34; qa_answers.json reports XOM 2020/-12.24. For Q3, extracted 2023 equities descend as JPM 327878000000, BAC 291646000000, MSFT 206223000000, CVX 160957000000, PFE 89014000000, UNH 88756000000, WMT 76693000000, JNJ 68774000000, AAPL 62146000000, while XOM is null; therefore the reported placement of XOM fourth is not derivable from the normalized data. IDs Q1, Q2, Q3 and the outer answer structures are present.","Reported Q1={MSFT,161.8} versus recomputed {PFE,234686.0}; reported Q2={XOM,2020,-12.24} versus recomputed {WMT,2023,3.34}; reported Q3 places null-valued XOM fourth and differs from the descending order of all available 2023 equity values.","Q1 and Q2 must equal the formula results recomputed from normalized extraction data, and Q3 must contain all ten tickers in descending 2023 stockholders_equity order.","Regenerate qa_answers.json strictly from the normalized extraction JSONs. At minimum, change Q1 to PFE/234686.0 and Q2 to WMT/2023/3.34; correct XOM's missing 2023 stockholders_equity from filing evidence before regenerating the required complete Q3 ranking."
verifier_smoke,business_finance__sec_10k_financial_parsing,prep_verifier,0,fail,4ac948592ae00b0b588fbedac5e5463e7406eac4a825e3167ab7dc5df0dd9867,validation.second.pass,deterministic,True,pass,The five visible validation filings must each have a second-pass extraction whose normalized result is deterministic relative to the corresponding first-pass extraction.,"public task prompt, Your job item 5 and Important requirements; input/validation/",Re-run the extraction workflow on the fixed validation subset in `input/validation/` and save those second-pass extraction JSONs to .../output/run2_extractions. The validation rerun should reflect a second deterministic pass over the same visible validation filings.,"input/validation contains exactly AAPL_10K_2024.pdf, JPM_10K_2024.pdf, MSFT_10K_2024.pdf, WMT_10K_2024.pdf, and XOM_10K_2024.pdf. snapshot/run2_extractions contains exactly the five corresponding JSON basenames, with no missing or extra files. All five parsed, all five passed schema validation, and deep parsed-JSON comparison against their corresponding first-pass extraction produced zero differences.","Exactly 5/5 run-2 JSONs exist; missing=0, extra=0, parse/schema errors=0, deep-equality differences=0.","Exactly five schema-valid run-2 JSONs, one per validation PDF, each deeply equal to its corresponding first-pass normalized extraction.",
verifier_smoke,business_finance__sec_10k_financial_parsing,verifier,0,pass,371af3b85c87d3c1b2c78a6661c2b827e8f28025354c1bb98c92e11c5b123e37,outputs.corpus.completeness,deterministic,True,pass,"Produce one normalized extraction JSON and one raw extraction text file for every filing, plus the QA answer file.","public task prompt, Your job items 1-4; input/filings/manifest.json",Parse every filing in `input/filings/`. Save one normalized extraction JSON per filing to .../output/extractions. Save one raw extraction text file per filing to .../output/raw_extractions. Answer the analytical questions and save them to .../output/qa_answers.json.,"Public manifest parsed as a 100-record JSON list. Reproducible enumeration of snapshot directories returned `COUNTS 100 100 100 5 qa True`; basename comparison returned `EX missing/extra [] []` and `RAW missing/extra [] []`; all 100 extraction JSONs parsed (`parse errors []`), all raw files were readable and nonempty (`raw unreadable_or_empty []`), and qa_answers.json parsed successfully as a JSON array containing Q1-Q3.","100 manifest records; exactly 100 parseable per-filing extraction JSONs; exactly 100 readable, nonempty raw text files; no missing or extra basenames in either per-filing directory; parseable qa_answers.json present.","All 100 manifest filings have exactly one corresponding parseable extraction JSON and one corresponding readable raw text artifact, with no extra per-filing artifacts, and qa_answers.json is present and parseable.",
verifier_smoke,business_finance__sec_10k_financial_parsing,verifier,0,pass,371af3b85c87d3c1b2c78a6661c2b827e8f28025354c1bb98c92e11c5b123e37,extractions.schema.conformance,deterministic,True,pass,"Every normalized extraction must conform exactly to the published extraction schema, including required fields, field types, date formats, and prohibition of additional properties.","input/schema/extraction_schema.json lines 6-7, 31-44, 87-90","""type"": ""object"", ""required"": [""company_name"", ""ticker"", ""cik"", ""filing_date"", ""fiscal_year_end"", ""financials""] ... ""required"": [""revenue"", ""cost_of_revenue"", ""operating_income"", ""net_income"", ""total_assets"", ""total_liabilities"", ""stockholders_equity"", ""cash_and_equivalents"", ""eps_basic"", ""eps_diluted""] ... ""additionalProperties"": false","The quoted schema requirements are present in public input/schema/extraction_schema.json at lines 6-7, 31-44, and 87-90. Draft202012Validator with FormatChecker was run over all 100 snapshot extractions and all 5 run-2 extractions; output was `SCHEMA_ERRORS 0 []`.","All 105 normalized extraction JSONs validated without missing properties, additional properties, type errors, or date-format errors.","Every extraction validates with no missing required property, invalid type/date, or additional property.",
verifier_smoke,business_finance__sec_10k_financial_parsing,verifier,0,pass,371af3b85c87d3c1b2c78a6661c2b827e8f28025354c1bb98c92e11c5b123e37,extractions.metadata.manifest,deterministic,True,pass,"Extraction identity metadata must agree with the public filing manifest, including the schema-required zero-padded CIK and filing date.","input/filings/manifest.json record keys ticker, cik, company_name, filing_date, local_path; input/schema/extraction_schema.json lines 9-24","""description"": ""Full legal company name"" ... ""description"": ""Stock ticker symbol"" ... ""description"": ""SEC Central Index Key, zero-padded to 10 digits"" ... ""description"": ""Date the filing was submitted to SEC (YYYY-MM-DD)""","Public manifest contains ticker, cik, company_name, filing_date, and local_path for all 100 records, and schema lines 9-24 contain the quoted identity-field descriptions. Exact field-by-field comparison of each basename-associated extraction against its manifest record, plus regex `\d{10}` for CIK, returned `META_ERRORS 0 []`.","For all 100 filings, company_name, ticker, cik, and filing_date exactly equal the associated manifest values; every CIK consists of exactly 10 decimal digits.","All four metadata fields equal their corresponding manifest values for every filing, and every CIK is a zero-padded 10-digit string.",
verifier_smoke,business_finance__sec_10k_financial_parsing,verifier,0,pass,371af3b85c87d3c1b2c78a6661c2b827e8f28025354c1bb98c92e11c5b123e37,financials.normalization.types,deterministic,True,pass,"Non-null monetary fields must be raw-USD integers, non-null EPS values must be rounded to two decimal places, and absent values must be null rather than zero.",input/schema/normalization_rules.txt lines 3-9; input/schema/extraction_schema.json lines 46-84,"All monetary values must be in raw USD, not millions or billions. ... EPS values in USD, rounded to exactly 2 decimal places If a field is genuinely not reported in the filing, use null (not 0)","The quoted normalization rules appear at public input/schema/normalization_rules.txt lines 3-9, and schema lines 46-84 define monetary integer/null and EPS number/null fields. Across all 105 first- and second-pass JSONs, a strict Python check requiring `type(value) is int` for every non-null monetary field and `round(value,2) == value` for every non-null numeric EPS returned `TYPE_ERRORS 0 []`; schema validation also returned zero errors.","No numeric strings or fractional monetary values were found, and no EPS value had precision beyond two decimal places; schema-permitted absent values were JSON null.",Every non-null monetary value is an integer in raw-USD representation and every non-null EPS value has no precision beyond two decimal places; missing fields are represented only by null.,
verifier_smoke,business_finance__sec_10k_financial_parsing,verifier,0,pass,371af3b85c87d3c1b2c78a6661c2b827e8f28025354c1bb98c92e11c5b123e37,financials.public.evidence.sample,public_evidence,True,pass,"Extracted financial values must match the applicable most-recent-fiscal-year values reported in their source filings after applying the published scaling, sign, and EPS rules.",input/filings/*.pdf financial statements; input/schema/normalization_rules.txt lines 3-11,"Parenthetical values are negative: ""(1,234)"" → -1234 ... EPS values in USD, rounded to exactly 2 decimal places ... Use the most recent fiscal year's data if the filing contains comparative multi-year tables","The quoted scaling/sign/year rules exist at normalization_rules.txt lines 3-11. `pdftotext -layout` evidence for each fixed sample: (1) XOM_10K_2024.pdf, Note 12, has header `2024 2023 2022` and most-recent `Earnings (loss) per common share (dollars)` of 7.84; artifact financials.eps_basic is 7.84. (2) JPM_10K_2021.pdf has header `2021 2020 2019` and `Diluted` EPS 15.36 for 2021; artifact financials.eps_diluted is 15.36. (3) JNJ_10K_2018.pdf audited `CONSOLIDATED STATEMENTS OF EARNINGS`, explicitly headed `Dollars and Shares in Millions`, lists sales, cost, gross profit, expense rows, earnings before tax, and net earnings but no operating-income subtotal; artifact operating_income is null. (4) JNJ_10K_2020.pdf corresponding statement, headed `Dollars and Shares in Millions`, likewise lists sales, gross profit, expense rows, earnings before tax, and net earnings but no operating-income subtotal; artifact operating_income is null. (5) PFE_10K_2016.pdf states in Item 15 that the `Consolidated Statements of Income` from its 2016 Financial Report are incorporated by reference; exhaustive case-insensitive text search of the supplied 55-page PDF found no `operating income`, `operating profit`, or `operating loss` row, so the field is not reported in the supplied filing PDF; artifact operating_income is null.",Sample comparisons: XOM 2024 eps_basic 7.84 = filing 7.84; JPM 2021 eps_diluted 15.36 = filing 15.36; JNJ 2018 operating_income null with no reported operating-income subtotal; JNJ 2020 operating_income null with no reported operating-income subtotal; PFE 2016 operating_income null with no operating-income row in the supplied filing PDF.,Each of the five sampled artifact fields exactly matches the normalized value directly supported by its source filing.,
verifier_smoke,business_finance__sec_10k_financial_parsing,verifier,0,pass,371af3b85c87d3c1b2c78a6661c2b827e8f28025354c1bb98c92e11c5b123e37,qa.answers.formulas,deterministic,True,pass,"qa_answers.json must answer Q1-Q3 in the requested structures, scopes, order, and rounding using the normalized extraction data.","input/questions.json records Q1-Q3, lines 3-15","""largest percentage increase in revenue from its earliest available fiscal year to its latest"" ... ""lowest operating margin (operating_income / revenue)"" ... ""rank all 10 companies by stockholders_equity from highest to lowest""","The quoted questions and answer formats are present at public input/questions.json lines 3-15. Recalculation from all 100 normalized extractions grouped by manifest ticker and fiscal_year produced: Q1 MSFT, earliest 2015 revenue 93,580,000,000 and latest 2024 revenue 245,122,000,000, raw increase 161.93844838640734%, rounded 161.9; Q2 WMT FY2023, operating_income 20,428,000,000 / revenue 605,881,000,000 = 3.3716191793437984%, rounded 3.37; Q3 descending FY2023 equity values were JPM 327,878,000,000, BAC 291,646,000,000, MSFT 206,223,000,000, XOM 204,802,000,000, CVX 160,957,000,000, UNH 94,421,000,000, PFE 89,014,000,000, WMT 76,693,000,000, JNJ 68,774,000,000, AAPL 62,146,000,000. Full structural comparison returned `QA_EQUAL True`.","qa_answers.json is exactly `[Q1: {ticker: MSFT, pct_increase: 161.9}, Q2: {ticker: WMT, fiscal_year: 2023, operating_margin_pct: 3.37}, Q3: {ranking: [JPM, BAC, MSFT, XOM, CVX, UNH, PFE, WMT, JNJ, AAPL]}]`, matching the recomputation including IDs, structures, rounding, and order.","Q1 contains the recomputed ticker and one-decimal pct_increase; Q2 contains the recomputed ticker, integer fiscal_year, and two-decimal operating_margin_pct; Q3 contains exactly the ten tickers in recomputed descending order.",
verifier_smoke,business_finance__sec_10k_financial_parsing,verifier,0,pass,371af3b85c87d3c1b2c78a6661c2b827e8f28025354c1bb98c92e11c5b123e37,validation.second.pass,deterministic,True,pass,The five visible validation filings must each have a second-pass extraction whose normalized result is deterministic relative to the corresponding first-pass extraction.,"public task prompt, Your job item 5 and Important requirements; input/validation/",Re-run the extraction workflow on the fixed validation subset in `input/validation/` and save those second-pass extraction JSONs to .../output/run2_extractions. The validation rerun should reflect a second deterministic pass over the same visible validation filings.,"Enumeration of public input/validation found exactly AAPL_10K_2024.pdf, JPM_10K_2024.pdf, MSFT_10K_2024.pdf, WMT_10K_2024.pdf, and XOM_10K_2024.pdf. Basename comparison against snapshot run2_extractions returned `missing [] extra []`. Draft 2020-12 schema validation found no run-2 errors, and parsed deep equality returned `RUN2_EQUAL [('AAPL_10K_2024', True), ('JPM_10K_2024', True), ('MSFT_10K_2024', True), ('WMT_10K_2024', True), ('XOM_10K_2024', True)]`.","Exactly five run-2 JSONs exist, one for every validation PDF and no extras; all five are schema-valid and deeply equal to their corresponding first-pass JSONs.","Exactly five schema-valid run-2 JSONs exist, one per validation PDF, and each is deeply equal to its corresponding first-pass normalized extraction.",
verifier_smoke,health_medicine__ct_geometry_calibration_catphan,prep_verifier,0,fail,1b8368aca1c87931c8f4fceda3e43c4b13a7b111219ac83254cf116e327e8f29,outputs.required.files,deterministic,True,pass,Both required output files must exist at the exact specified paths.,"Task prompt, Output section","`output/geometry_calibrated.json` — calibrated parameters
`output/reconstructed_calibrated.npy` — final reconstruction","In snapshot /tmp/ale-verifier-6813f2ee0f74/snapshot-0, geometry_calibrated.json is a regular readable file of 365 bytes and reconstructed_calibrated.npy is a regular readable file of 1,048,704 bytes. Their SHA-256 digests (c8a0e1912f934dbb645c0f524b2031df80e16d3e1b94ea13cfcf364f748d330d and 2cb94aa78def7c839db738c6cbb31d48943a7220f0ec3eba0010200f93a3a7f6) match the corresponding files at the specified public output paths.",Both required output files exist as regular readable files at the represented output snapshot and at the specified instance output paths.,Both required files exist and are readable.,
verifier_smoke,health_medicine__ct_geometry_calibration_catphan,prep_verifier,0,fail,1b8368aca1c87931c8f4fceda3e43c4b13a7b111219ac83254cf116e327e8f29,geometry.parameters.present,public_evidence,True,pass,"The JSON must report calibrated SAD, SDD, and detector offset values, plus any additional geometric parameters the writer used.","Task prompt, Your Task paragraph 2 and Step 5","find the correct geometry parameters (SAD, SDD, detector offset, and any other relevant geometric parameters)
Save the final calibrated parameters to ... `geometry_calibrated.json`","geometry_calibrated.json parsed successfully as a JSON object. It contains finite numeric values SAD=786.311476497, SDD=1217.994538316, and detector_offset=-1.990745834. It also reports additional used geometry fields including detector_pixel_size=1.0, voxel_size_x=0.8, voxel_size_y=0.8, angle_start_deg=0.0, angle_end_deg=-360.0, num_views=360, detector_elements=1024, tau=0.0, and flat_detector=true.","Valid JSON object with clearly labeled finite numeric SAD, SDD, and detector_offset values, plus additional geometry parameters.","The file is valid JSON and unambiguously reports finite numeric SAD, SDD, and detector-offset values.",
verifier_smoke,health_medicine__ct_geometry_calibration_catphan,prep_verifier,0,fail,1b8368aca1c87931c8f4fceda3e43c4b13a7b111219ac83254cf116e327e8f29,reconstruction.npy.shape,deterministic,True,pass,The final reconstruction must be a loadable NumPy array matching the stated 512x512 reference-image dimensions.,"Task prompt, input-directory description and Step 5","`reference_image.npy` — ground-truth reconstructed image (512x512, float32)
Save ... the final reconstructed image to ... `reconstructed_calibrated.npy`.","NumPy loaded reconstructed_calibrated.npy with allow_pickle=False. Observed shape=(512, 512), dtype=float32, numeric dtype=true, all elements finite=true, minimum=0.0, maximum=0.06389553844928741.","Numeric finite float32 array with shape (512, 512).","The file loads as a numeric array with shape (512, 512), and all elements are finite.",
verifier_smoke,health_medicine__ct_geometry_calibration_catphan,prep_verifier,0,fail,1b8368aca1c87931c8f4fceda3e43c4b13a7b111219ac83254cf116e327e8f29,reconstruction.mse.threshold,deterministic,True,pass,The final reconstruction must have unnormalized MSE no greater than 4e-6 relative to the public reference image.,"Task prompt, Step 4 and Important Constraints","unnormalized MSE <= 4e-6 relative to `reference_image.npy`.
Unnormalized MSE = mean((ref - recon)**2)","Loaded public reference_image.npy and snapshot reconstructed_calibrated.npy with allow_pickle=False, cast both directly to float64, and computed np.mean((ref-recon)**2)=1.0534679601820657e-06 without normalization, registration, cropping, or rescaling. The result is finite and below 4e-6.",MSE=0.0000010534679601820657.,Finite MSE <= 0.000004.,
verifier_smoke,health_medicine__ct_geometry_calibration_catphan,prep_verifier,0,fail,1b8368aca1c87931c8f4fceda3e43c4b13a7b111219ac83254cf116e327e8f29,reconstruction.ssim.threshold,deterministic,True,fail,"The final reconstruction must achieve SSIM of at least 0.95 relative to the public reference image, using skimage.metrics.structural_similarity.","Task prompt, Step 4 and Important Constraints","SSIM >= 0.95 ... relative to `reference_image.npy`.
SSIM is computed via `skimage.metrics.structural_similarity`",Using skimage.metrics.structural_similarity directly on the loaded arrays with data_range=float(ref.max()-ref.min())=0.06407904624938965 produced SSIM=0.903288519457298. This is finite but below 0.95; the JSON's recorded ssim=0.9032885119397881 independently agrees to rounding.,SSIM=0.903288519457298.,Finite SSIM >= 0.95.,Recalibrate the geometry and regenerate reconstructed_calibrated.npy so that direct structural_similarity against reference_image.npy reaches at least 0.95; do not merely change the metric recorded in the JSON.
verifier_smoke,health_medicine__ct_geometry_calibration_catphan,prep_verifier,0,fail,1b8368aca1c87931c8f4fceda3e43c4b13a7b111219ac83254cf116e327e8f29,input.files.unchanged,deterministic,True,pass,The supplied files under the input directory must not be modified.,"Task prompt, Important Constraints",Do not modify files under `/media/user/data/agenthle/health_medicine/ct_geometry_calibration_catphan/instance_1/input`,SHA-256 checks on the three public input files produced: sinogram.npy=af66c7bf23e65e41aa3b6e0f8732e15be1fe10434ab5ac9526062fe7fac0160e; reference_image.npy=c12f859ab1a0e8a44d87bb4c1bdeb5ae6cb6cee25ffb75983684786977f6ad94; reconstruct.py=b9ff0e4ceea5df3f3c810688a9de84411853e80c53578eb0302f4e801fc7a65b. All exactly match the pre-solver manifest.,All three input files are present and all three SHA-256 digests match.,All three original input files remain present and each SHA-256 digest matches the public pre-solver digest.,
verifier_smoke,health_medicine__ct_geometry_calibration_catphan,verifier,0,fail,47bf3cacd6425d1a6fae5744acc8b545bef554a51b15aebff2e7b7c3a8244025,outputs.required.files,deterministic,True,pass,Both required output files must exist at the exact specified paths.,"Task prompt, Output section","`output/geometry_calibrated.json` — calibrated parameters
`output/reconstructed_calibrated.npy` — final reconstruction","In artifact snapshot /tmp/ale-verifier-6813f2ee0f74/snapshot-0, `stat` reports `geometry_calibrated.json type=regular file mode=-r--r--r-- size=339` and `reconstructed_calibrated.npy type=regular file mode=-r--r--r-- size=1048704`; explicit `test -f` and `test -r` checks succeeded for both.","Both required output files are regular, readable files in the snapshot.",Both required files exist and are readable.,
verifier_smoke,health_medicine__ct_geometry_calibration_catphan,verifier,0,fail,47bf3cacd6425d1a6fae5744acc8b545bef554a51b15aebff2e7b7c3a8244025,geometry.parameters.present,public_evidence,True,pass,"The JSON must report calibrated SAD, SDD, and detector offset values, plus any additional geometric parameters the writer used.","Task prompt, Your Task paragraph 2 and Step 5","find the correct geometry parameters (SAD, SDD, detector offset, and any other relevant geometric parameters)
Save the final calibrated parameters to ... `geometry_calibrated.json`","Python parsed geometry_calibrated.json as a JSON dict. It contains finite numeric values `SAD=786.2845995658811`, `SDD=1217.9352049158192`, and `detector_offset=-1.9871368161636664`. It also reports additional geometry fields including detector_pixel_size, voxel_size, num_views, num_detector_elements, angle_start_deg, angular_range_deg, and tau.","Valid JSON object with unambiguously labeled finite numeric SAD, SDD, detector offset, and additional used geometry parameters.","The file is valid JSON and unambiguously reports finite numeric SAD, SDD, and detector-offset values.",
verifier_smoke,health_medicine__ct_geometry_calibration_catphan,verifier,0,fail,47bf3cacd6425d1a6fae5744acc8b545bef554a51b15aebff2e7b7c3a8244025,reconstruction.npy.shape,deterministic,True,pass,The final reconstruction must be a loadable NumPy array matching the stated 512x512 reference-image dimensions.,"Task prompt, input-directory description and Step 5","`reference_image.npy` — ground-truth reconstructed image (512x512, float32)
Save ... the final reconstructed image to ... `reconstructed_calibrated.npy`.","`np.load('/tmp/ale-verifier-6813f2ee0f74/snapshot-0/reconstructed_calibrated.npy', allow_pickle=False)` succeeded. The loaded array has dtype float32, shape (512, 512), numeric dtype=True, and `np.isfinite(...).all()`=True; observed range was 0.0 to 0.06391353160142899.","Numeric finite float32 array with shape (512, 512).","The file loads as a numeric array with shape (512, 512), and all elements are finite.",
verifier_smoke,health_medicine__ct_geometry_calibration_catphan,verifier,0,fail,47bf3cacd6425d1a6fae5744acc8b545bef554a51b15aebff2e7b7c3a8244025,reconstruction.mse.threshold,deterministic,True,pass,The final reconstruction must have unnormalized MSE no greater than 4e-6 relative to the public reference image.,"Task prompt, Step 4 and Important Constraints","unnormalized MSE <= 4e-6 relative to `reference_image.npy`.
Unnormalized MSE = mean((ref - recon)**2)","Loaded the public reference and snapshot reconstruction, cast both directly to float64, and computed `np.mean((ref-recon)**2) = 1.0533547672019253e-06`; the value is finite and the comparison `mse <= 4e-6` returned True.",MSE = 0.0000010533547672019253.,Finite unnormalized MSE <= 0.000004.,
verifier_smoke,health_medicine__ct_geometry_calibration_catphan,verifier,0,fail,47bf3cacd6425d1a6fae5744acc8b545bef554a51b15aebff2e7b7c3a8244025,reconstruction.ssim.threshold,deterministic,True,fail,"The final reconstruction must achieve SSIM of at least 0.95 relative to the public reference image, using skimage.metrics.structural_similarity.","Task prompt, Step 4 and Important Constraints","SSIM >= 0.95 ... relative to `reference_image.npy`.
SSIM is computed via `skimage.metrics.structural_similarity`","Using the untransformed loaded arrays and `skimage.metrics.structural_similarity(ref, recon, data_range=float(ref.max()-ref.min()))`, with data_range=0.06407904624938965, produced SSIM=0.9033008709096646. The comparison `ssim >= 0.95` returned False.",SSIM = 0.9033008709096646.,Finite SSIM >= 0.95.,Further calibrate the reconstruction geometry and regenerate reconstructed_calibrated.npy until the directly computed SSIM reaches at least 0.95 while retaining the required MSE.
verifier_smoke,health_medicine__ct_geometry_calibration_catphan,verifier,0,fail,47bf3cacd6425d1a6fae5744acc8b545bef554a51b15aebff2e7b7c3a8244025,input.files.unchanged,deterministic,True,pass,The supplied files under the input directory must not be modified.,"Task prompt, Important Constraints",Do not modify files under `/media/user/data/agenthle/health_medicine/ct_geometry_calibration_catphan/instance_1/input`,`sha256sum` on the three public input files produced: sinogram.npy=af66c7bf23e65e41aa3b6e0f8732e15be1fe10434ab5ac9526062fe7fac0160e; reference_image.npy=c12f859ab1a0e8a44d87bb4c1bdeb5ae6cb6cee25ffb75983684786977f6ad94; reconstruct.py=b9ff0e4ceea5df3f3c810688a9de84411853e80c53578eb0302f4e801fc7a65b. All exactly match the pre-solver manifest.,All three input files are present and all three SHA-256 digests match.,All three original input files remain present and each SHA-256 digest matches the public pre-solver digest.,
verifier_smoke,health_medicine__flusight_offline_hosp_forecast_2024_12_14,prep_verifier,0,pass,1c1c0442ae159147c0b4ec57e1c56163498e6371f56a7dd9cbb1b0118a9c43fa,output.single_submission_file,deterministic,True,pass,The writable output directory must contain exactly one final file named submission.csv.,"public task prompt, What you must do item 3 and Rules",Write one final file under `/media/user/data/agenthle/health_medicine/flusight_offline_hosp_forecast_2024_12_14/base/output`: ... `submission.csv` ... Write only the required `submission.csv` into the writable output directory.,"The public source quote is present and directly supports the requirement. At snapshot root, `find . -maxdepth 4 -printf '%y %p\n' | sort` returned only directory `d .` and regular file `f ./submission.csv`; no other files were present. The submission file SHA-256 is `6cc7513db9eace5cd31f421358bc9fa0ac30ad4d120bd8bace6fb4c06503e8ed`.",Exactly one regular file in the artifact snapshot: submission.csv.,"Exactly one regular file exists in output/, and its basename is submission.csv.",
verifier_smoke,health_medicine__flusight_offline_hosp_forecast_2024_12_14,prep_verifier,0,pass,1c1c0442ae159147c0b4ec57e1c56163498e6371f56a7dd9cbb1b0118a9c43fa,csv.columns_and_row_count,deterministic,True,pass,submission.csv must have the eight required columns in the specified order and exactly 212 data rows.,input/output_contract.json lines 3-13,"""columns"": [
    ""reference_date"",
    ""location"",
    ""location_name"",
    ""horizon"",
    ""target_end_date"",
    ""point"",
    ""lower_95"",
    ""upper_95""
  ],
  ""row_count"": 212","The quoted columns and row count appear at input/output_contract.json lines 3-13. Strict Python CSV parsing reported header `['reference_date', 'location', 'location_name', 'horizon', 'target_end_date', 'point', 'lower_95', 'upper_95']`, `header_exact True`, `submission_data_rows 212 expected 212`, and `submission_record_width_counts {8: 212}`.",Exact eight-column header; 212 data records; all 212 records contain exactly eight fields.,"The header exactly matches the eight contract columns in order, every record has eight fields, and there are exactly 212 data records.",
verifier_smoke,health_medicine__flusight_offline_hosp_forecast_2024_12_14,prep_verifier,0,pass,1c1c0442ae159147c0b4ec57e1c56163498e6371f56a7dd9cbb1b0118a9c43fa,csv.template_key_set,deterministic,True,pass,"The submission must include exactly one row for every staged template key, preserving the template's reference date, location, location name, horizon, and target end date values.",input/output_contract.json lines 82-85; input/task_prompt.md line 26,"""row key set must match forecast_output_template.csv exactly""

Fill one row for every `(location, horizon)` pair in the staged template.","The source quotes are present at input/output_contract.json line 85 and input/task_prompt.md line 26 and directly require the template key set. Parsing both CSVs as strings and comparing five-field key Counters reported: `submission_unique_keys 212`, `template_unique_keys 212`, `submission_duplicate_key_instances 0`, `missing_keys 0`, `extra_keys 0`, and `counter_equal True`. Sample preserved keys were first `('2024-12-14', 'US', 'US', '1', '2024-12-21')` and last `('2024-12-14', '72', 'Puerto Rico', '4', '2025-01-11')`.","Submission and template have identical 212-key multisets, with no missing, extra, or duplicate submission keys.","The submission key set equals the template key set with no missing, extra, or duplicate keys.",
verifier_smoke,health_medicine__flusight_offline_hosp_forecast_2024_12_14,prep_verifier,0,pass,1c1c0442ae159147c0b4ec57e1c56163498e6371f56a7dd9cbb1b0118a9c43fa,forecast.integer_bounds,deterministic,True,pass,"Every point, lower_95, and upper_95 value must be a non-negative integer, with lower_95 no greater than point and point no greater than upper_95.",input/output_contract.json lines 82-85,"""point, lower_95, upper_95 must be non-negative integers"",
    ""lower_95 <= point <= upper_95""","The quoted constraints are present at input/output_contract.json lines 83-84. Validation of all forecast fields reported `forecast_cells 636`, `valid_canonical_nonnegative_integer_cells 636`, `invalid_integer_cells 0`, and `ordering_violations 0`. Observed ranges were point 4-17711, lower_95 0-5760, and upper_95 13-37771.","All 636 forecast cells are non-negative integer representations, and all 212 rows satisfy lower_95 <= point <= upper_95.",All 636 forecast cells are populated with non-negative integers and every row satisfies lower_95 <= point <= upper_95.,
verifier_smoke,health_medicine__flusight_offline_hosp_forecast_2024_12_14,prep_verifier,0,pass,1c1c0442ae159147c0b4ec57e1c56163498e6371f56a7dd9cbb1b0118a9c43fa,forecast.offline_snapshot_provenance,unverifiable,False,unverifiable,"Forecasts must be produced using only the staged local files and the archived historical snapshot, without internet or external data.",input/task_prompt.md lines 12 and 16,"Use only the staged local files. Do not use the internet or any external data.

Use `historical_weekly_hospital_admissions_asof_2024-12-14.csv` to forecast weekly influenza hospital admissions","The source quote exists at input/task_prompt.md lines 12 and 16 and directly requires use only of staged local files and the archived historical CSV. However, submission.csv contains only keys and numeric forecasts; it provides no reproducible record of data access or the process that generated those values.","A structurally valid numeric CSV is present, but its generation provenance cannot be established from the immutable artifact.",No automated pass or failure is assigned from submission.csv alone.,
verifier_smoke,health_medicine__flusight_offline_hosp_forecast_2024_12_14,prep_verifier,0,pass,1c1c0442ae159147c0b4ec57e1c56163498e6371f56a7dd9cbb1b0118a9c43fa,forecast.hidden_outcome_quality,unverifiable,False,unverifiable,"Forecast quality is evaluated primarily by mean 95% weighted interval score over scored non-US rows, using finalized future values.",input/TASK_INSTRUCTIONS.md lines 40-47 and 52,"Primary ranking metric:
- **Mean 95% weighted interval score (WIS)** over all scored rows **excluding the aggregate US row**.

The hidden evaluator uses finalized future values for the four target weeks.","The source quote exists at input/TASK_INSTRUCTIONS.md lines 40-47 and 52 and directly states the WIS ranking metric and use of finalized future values. Those finalized future outcomes are not included in the permitted public task evidence, so WIS, coverage, and point error cannot be calculated.",No public finalized outcomes are available for the four forecast target weeks.,"Structural verification makes no claim about hidden-outcome WIS, coverage, or point-forecast error.",
verifier_smoke,health_medicine__flusight_offline_hosp_forecast_2024_12_14,verifier,0,pass,872ae5e826edaabd417e03d94d320151058b3aa9e46b0ee7479ba32852eb782e,output.single_submission_file,deterministic,True,pass,The writable output directory must contain exactly one final file named submission.csv.,"public task prompt, What you must do item 3 and Rules",Write one final file under `/media/user/data/agenthle/health_medicine/flusight_offline_hosp_forecast_2024_12_14/base/output`: ... `submission.csv` ... Write only the required `submission.csv` into the writable output directory.,The quoted requirement is present in the PUBLIC TASK under What you must do item 3 and Rules. A recursive listing of /tmp/ale-verifier-d20324b82737/snapshot-0 found exactly one regular file: submission.csv; no other files were present.,"Regular files: [""submission.csv""] (count 1).","Exactly one regular file exists in output/, and its basename is submission.csv.",
verifier_smoke,health_medicine__flusight_offline_hosp_forecast_2024_12_14,verifier,0,pass,872ae5e826edaabd417e03d94d320151058b3aa9e46b0ee7479ba32852eb782e,csv.columns_and_row_count,deterministic,True,pass,submission.csv must have the eight required columns in the specified order and exactly 212 data rows.,input/output_contract.json lines 3-13,"""columns"": [
    ""reference_date"",
    ""location"",
    ""location_name"",
    ""horizon"",
    ""target_end_date"",
    ""point"",
    ""lower_95"",
    ""upper_95""
  ],
  ""row_count"": 212","The source quote is present at input/output_contract.json lines 3-13. Python csv.reader(strict=True) parsed snapshot-0/submission.csv successfully as 213 records: one header and 212 data records. The observed header exactly equaled the contract sequence, and the field-width count was {8: 212}.","Header: [""reference_date"",""location"",""location_name"",""horizon"",""target_end_date"",""point"",""lower_95"",""upper_95""]; 212 data rows; every data row has 8 fields.","The header exactly matches the eight contract columns in order, every record has eight fields, and there are exactly 212 data records.",
verifier_smoke,health_medicine__flusight_offline_hosp_forecast_2024_12_14,verifier,0,pass,872ae5e826edaabd417e03d94d320151058b3aa9e46b0ee7479ba32852eb782e,csv.template_key_set,deterministic,True,pass,"The submission must include exactly one row for every staged template key, preserving the template's reference date, location, location name, horizon, and target end date values.",input/output_contract.json lines 82-85; input/task_prompt.md line 26,"""row key set must match forecast_output_template.csv exactly""

Fill one row for every `(location, horizon)` pair in the staged template.","The quoted key-set constraint exists at input/output_contract.json line 85, and task_prompt.md line 26 says to fill every (location, horizon) pair. Both CSVs were parsed with location values retained as strings. submission.csv had 212 unique five-field keys, the template had 212 unique keys, their key multisets were equal, and comparison found 0 missing keys, 0 extra keys, and 0 duplicate submission keys.",Submission unique keys: 212; template unique keys: 212; missing: 0; extra: 0; duplicate keys: 0; key multisets equal: true.,"The submission key set equals the template key set with no missing, extra, or duplicate keys.",
verifier_smoke,health_medicine__flusight_offline_hosp_forecast_2024_12_14,verifier,0,pass,872ae5e826edaabd417e03d94d320151058b3aa9e46b0ee7479ba32852eb782e,forecast.integer_bounds,deterministic,True,pass,"Every point, lower_95, and upper_95 value must be a non-negative integer, with lower_95 no greater than point and point no greater than upper_95.",input/output_contract.json lines 82-85,"""point, lower_95, upper_95 must be non-negative integers"",
    ""lower_95 <= point <= upper_95""",The quoted constraints exist at input/output_contract.json lines 83-84. All 636 forecast cells matched the checked non-negative integer representation ^[0-9]+$; parsed values ranged from 0 to 74547. All 212 rows were tested and had 0 lower_95 <= point <= upper_95 violations.,"636/636 forecast cells are non-negative integer strings; minimum 0, maximum 74547; ordering violations: 0 of 212 rows.",All 636 forecast cells are populated with non-negative integers and every row satisfies lower_95 <= point <= upper_95.,
verifier_smoke,health_medicine__flusight_offline_hosp_forecast_2024_12_14,verifier,0,pass,872ae5e826edaabd417e03d94d320151058b3aa9e46b0ee7479ba32852eb782e,forecast.offline_snapshot_provenance,unverifiable,False,unverifiable,"Forecasts must be produced using only the staged local files and the archived historical snapshot, without internet or external data.",input/task_prompt.md lines 12 and 16,"Use only the staged local files. Do not use the internet or any external data.

Use `historical_weekly_hospital_admissions_asof_2024-12-14.csv` to forecast weekly influenza hospital admissions","The source quote is present at input/task_prompt.md lines 12 and 16. The snapshot contains only submission.csv, whose numeric values and keys do not record data lineage, network activity, external-file access, or the process used to generate the forecasts; therefore offline provenance cannot be established from the artifact.",No provenance or execution-history evidence is present in submission.csv; only final forecast records are available.,No automated pass or failure is assigned from submission.csv alone.,
verifier_smoke,health_medicine__flusight_offline_hosp_forecast_2024_12_14,verifier,0,pass,872ae5e826edaabd417e03d94d320151058b3aa9e46b0ee7479ba32852eb782e,forecast.hidden_outcome_quality,unverifiable,False,unverifiable,"Forecast quality is evaluated primarily by mean 95% weighted interval score over scored non-US rows, using finalized future values.",input/TASK_INSTRUCTIONS.md lines 40-47 and 52,"Primary ranking metric:
- **Mean 95% weighted interval score (WIS)** over all scored rows **excluding the aggregate US row**.

The hidden evaluator uses finalized future values for the four target weeks.","The source quote is present at input/TASK_INSTRUCTIONS.md lines 42-47 and 52. The permitted public files describe the WIS metric but do not provide the finalized future hospitalization values for target weeks 2024-12-21 through 2025-01-11, so WIS, empirical coverage, and point-forecast error cannot be calculated.",Finalized future outcomes required for scoring are absent from the permitted public evidence.,"Structural verification makes no claim about hidden-outcome WIS, coverage, or point-forecast error.",
verifier_smoke,health_medicine__healthcare_tcga_luad_survival_kras,prep_verifier,0,fail,90132584a73f5aeff7fb695b7d45b367ae5d09cf0ce6b9b3fb090df5256148a6,outputs.required.files,deterministic,True,pass,All four required deliverables must exist under output/ with the specified filenames.,"input/output_requirements.txt, headings 1-4","1. cohort.csv
2. km_plot.png
3. cox_results.json
4. analysis.R","Snapshot file listing shows four regular non-empty files: analysis.R (7300 bytes), cohort.csv (62741 bytes), cox_results.json (1708 bytes), and km_plot.png (98763 bytes). The cited source quote appears verbatim under headings 1-4 of input/output_requirements.txt.","All four required filenames are present at the snapshot root, which represents output/, and each has nonzero size.",All four named files exist under output/ and have nonzero size.,
verifier_smoke,health_medicine__healthcare_tcga_luad_survival_kras,prep_verifier,0,fail,90132584a73f5aeff7fb695b7d45b367ae5d09cf0ce6b9b3fb090df5256148a6,cohort.schema.completeness,deterministic,True,fail,"cohort.csv must have the required columns, at least 400 data rows, complete required analysis fields, and 15-character sample submitter IDs.","input/output_requirements.txt, section 1","Must contain at least these columns:
patient_id,sample_id,file_id,kras_expression_selected,kras_group,time_days,status,age_at_diagnosis_years,raw_stage,stage_group
- sample_id must be the sample submitter_id (first 15 characters of the TCGA barcode, e.g. TCGA-05-4245-01A)
- Must contain at least 400 rows
- Must not contain NA in kras_expression_selected,kras_group,time_days,status,age_at_diagnosis_years,stage_group","CSV parsing found 479 data rows and all 10 required columns. The six required analysis fields each had 0 empty/NA-like values. However, all 479 sample_id values have length 16 rather than the criterion's required length 15; examples include row 2 sample_id 'TCGA-05-4244-01A' (length 16) and row 3 'TCGA-05-4245-01A' (length 16). The source explicitly states 'first 15 characters', although its example is itself 16 characters long.",479 rows; no missing required columns; no incomplete required analysis fields; 479 of 479 sample_id values are 16 characters and 0 are 15 characters.,"The CSV parses successfully, contains at least 400 rows and all required columns, has complete required analysis fields, and every sample_id is a nonempty 15-character value.",Make the sample_id representation conform to the expressly specified 15-character length and update the corresponding nchar assertion in analysis.R; note that the public source's displayed example is inconsistent because it contains 16 characters.
verifier_smoke,health_medicine__healthcare_tcga_luad_survival_kras,prep_verifier,0,fail,90132584a73f5aeff7fb695b7d45b367ae5d09cf0ce6b9b3fb090df5256148a6,cohort.patient.deduplication,deterministic,True,pass,The final patient-level cohort must contain no more than one selected primary-tumor sample per patient.,input/task_spec.json $.sample_selection; input/task_description.txt patient-level cohort bullet,"""deduplication"": ""When a patient has multiple primary-tumor samples, keep only the one whose sample submitter_id is lexicographically smallest."" | ""build a KRAS-centered patient-level survival cohort""","Parsing cohort.csv found 479 nonempty patient_id values, 479 distinct patient IDs, and no patient_id with an occurrence count other than 1. The cited deduplication text is present in input/task_spec.json and the patient-level cohort language is present in input/task_description.txt.",0 empty patient IDs and 0 duplicate patient IDs among 479 rows.,Every patient_id occurs exactly once in the final cohort.,
verifier_smoke,health_medicine__healthcare_tcga_luad_survival_kras,prep_verifier,0,fail,90132584a73f5aeff7fb695b7d45b367ae5d09cf0ce6b9b3fb090df5256148a6,cohort.median.stratification,deterministic,True,pass,"KRAS groups must be assigned from the cohort median, with expression values equal to the median assigned high.","public task prompt, What you need to do item 5",stratify patients into high/low KRAS groups using the cohort median; values greater than or equal to the median are high.,All 479 kras_expression_selected entries parsed as numeric. Python statistics.median over the complete column returned 27.6465. Recomputing labels using expression >= 27.6465 as high and expression < 27.6465 as low produced 0 mismatches; observed labels were exclusively high (240 rows) and low (239 rows). The quoted inclusive-median rule appears directly in public task item 5.,Median 27.6465; high=240; low=239; invalid labels=0; rule mismatches=0.,"All expressions are numeric, labels are exclusively high or low, and every row follows the inclusive median rule.",
verifier_smoke,health_medicine__healthcare_tcga_luad_survival_kras,prep_verifier,0,fail,90132584a73f5aeff7fb695b7d45b367ae5d09cf0ce6b9b3fb090df5256148a6,cox.json.schema,deterministic,True,pass,"cox_results.json must contain all required sections, summary fields, log-rank fields, and coefficient entries.","input/output_requirements.txt, section 3","Must include these top-level sections: cohort_summary, log_rank, cox_model, ph_test
- cohort_summary must contain: n_patients, n_events, n_kras_high, n_kras_low, median_kras_expression
- log_rank must contain: test_statistic (chi-squared value), p_value
- cox_model must contain a coefficients dict keyed by variable name:
keys: kras_group_high, age_at_diagnosis_years, stage_group_advanced
each value must contain: hazard_ratio, p_value, ci_lower_95, ci_upper_95","cox_results.json parsed successfully. Top-level keys are cohort_summary, log_rank, cox_model, and ph_test. cohort_summary contains n_patients, n_events, n_kras_high, n_kras_low, and median_kras_expression. log_rank contains test_statistic and p_value. cox_model.coefficients contains kras_group_high, age_at_diagnosis_years, and stage_group_advanced, and each entry contains hazard_ratio, p_value, ci_lower_95, and ci_upper_95. The quoted schema appears in input/output_requirements.txt section 3.","All four required sections, all five summary fields, both log-rank fields, all three coefficient keys, and all four fields per coefficient are present.",Valid JSON containing every required section and field.,
verifier_smoke,health_medicine__healthcare_tcga_luad_survival_kras,prep_verifier,0,fail,90132584a73f5aeff7fb695b7d45b367ae5d09cf0ce6b9b3fb090df5256148a6,km.png.validity,deterministic,True,pass,"km_plot.png must be a valid, non-trivial PNG image.","input/output_requirements.txt, section 2",Valid non-trivial PNG,"km_plot.png begins with PNG signature 89504e470d0a1a0a. Pillow fully decoded it as PNG, RGB, 1800x1400 pixels. Channel extrema are (0,255) for each RGB channel, and 1546 distinct colors were counted, demonstrating non-uniform content. The source phrase 'Valid non-trivial PNG' appears in input/output_requirements.txt section 2.",Valid decoded 1800x1400 RGB PNG with 1546 colors and non-uniform channel extrema.,"A decodable, positive-dimensional, non-uniform PNG.",
verifier_smoke,health_medicine__healthcare_tcga_luad_survival_kras,prep_verifier,0,fail,90132584a73f5aeff7fb695b7d45b367ae5d09cf0ce6b9b3fb090df5256148a6,script.data.workflow,public_evidence,True,pass,"analysis.R must clearly encode acquisition of the specified TCGA-LUAD STAR-count data, selection of primary tumors, extraction of KRAS tpm_unstranded values, and lexicographically smallest sample selection per patient.","input/task_spec.json $.download, $.gene, $.sample_selection","""project"": ""TCGA-LUAD"", ""data_type"": ""Gene Expression Quantification"", ""workflow_type"": ""STAR - Counts"" | ""ensembl_id"": ""ENSG00000133703"", ""expression_metric"": ""tpm_unstranded"" | ""sample_type"": ""Primary Tumor"", ""deduplication"": ""When a patient has multiple primary-tumor samples, keep only the one whose sample submitter_id is lexicographically smallest.""","The cited fields appear in input/task_spec.json. Executable analysis.R code sets project='TCGA-LUAD' and gene_id='ENSG00000133703' (lines 6-7); calls GDCquery with Transcriptome Profiling, Gene Expression Quantification, STAR - Counts, and Primary Tumor (lines 20-24); calls GDCdownload and GDCprepare (lines 25-26); acquires clinical data with GDCquery_clinic (line 28); selects the tpm_unstranded assay and rejects ambiguity (lines 37-38); locates the KRAS Ensembl row (lines 39-41); extracts that assay numerically (lines 43-46); orders by patient_id, sample_id, and file_id and retains the first row per patient (lines 50-51).","Executable download, clinical acquisition, Primary Tumor selection, KRAS TPM extraction, lexicographic sample ordering, and per-patient deduplication logic are present.","Clear executable steps implementing every cited data-acquisition, expression-selection, sample-type, and deduplication requirement.",
verifier_smoke,health_medicine__healthcare_tcga_luad_survival_kras,prep_verifier,0,fail,90132584a73f5aeff7fb695b7d45b367ae5d09cf0ce6b9b3fb090df5256148a6,script.survival.models,public_evidence,True,pass,"analysis.R must encode overall-survival derivation, the specified stage grouping, Kaplan-Meier and log-rank analyses by KRAS group, the specified adjusted Cox model, and a proportional-hazards test.","input/task_spec.json $.outcome, $.stage_mapping, $.analysis","""time_field"": ""days_to_death or days_to_last_follow_up"", ""event_field"": ""vital_status (Dead=1, Alive=0)"" | ""formula"": ""Surv(time, status) ~ kras_group + age_at_diagnosis + stage_group"", ""ph_test"": ""cox.zph()""","The outcome, stage mapping, and analysis fields are present in input/task_spec.json. analysis.R derives Dead=1/Alive=0 and OS time from days_to_death or days_to_last_follow_up (lines 62-67); defines the exact early list Stage I, IA, IB, II, IIA, IIB and advanced list Stage III, IIIA, IIIB, IV (lines 68-70); assigns median-inclusive KRAS groups (lines 75-76); invokes Surv and survfit (lines 84-85), survdiff with rho=0 (line 86), coxph with KRAS group, age, and stage (line 88), and cox.zph (line 89); and writes the PNG, CSV, and JSON outputs (lines 80, 91-107). Provisioned Rscript parsed analysis.R successfully and printed PARSE_OK with exit code 0.","The script parses successfully and contains executable OS derivation, exact stage mapping, median split, Kaplan-Meier, log-rank, adjusted Cox, PH-test, and output-generation logic.","A successfully parsing R script with executable logic for all specified survival derivations, mappings, models, tests, and required outputs.",
verifier_smoke,health_medicine__healthcare_tcga_luad_survival_kras,verifier,0,unverifiable,5d514a71d591914a246aa4c94b04cc43d38def54e16867ebbbcafcbfb84292bb,outputs.required.files,deterministic,True,pass,All four required deliverables must exist under output/ with the specified filenames.,"input/output_requirements.txt, headings 1-4","1. cohort.csv
2. km_plot.png
3. cox_results.json
4. analysis.R","The four headings quoted from input/output_requirements.txt identify the required deliverables. In snapshot root, regular read-only files were observed with nonzero sizes: cohort.csv 58458 bytes, km_plot.png 73654 bytes, cox_results.json 1792 bytes, and analysis.R 6774 bytes.",All four required named files are regular and non-empty.,All four named files exist under output/ and have nonzero size.,
verifier_smoke,health_medicine__healthcare_tcga_luad_survival_kras,verifier,0,unverifiable,5d514a71d591914a246aa4c94b04cc43d38def54e16867ebbbcafcbfb84292bb,cohort.schema.completeness,deterministic,True,pass,"cohort.csv must have the required columns, at least 400 data rows, complete required analysis fields, and 15-character sample submitter IDs.","input/output_requirements.txt, section 1","Must contain at least these columns:
patient_id,sample_id,file_id,kras_expression_selected,kras_group,time_days,status,age_at_diagnosis_years,raw_stage,stage_group
- sample_id must be the sample submitter_id (first 15 characters of the TCGA barcode, e.g. TCGA-05-4245-01A)
- Must contain at least 400 rows
- Must not contain NA in kras_expression_selected,kras_group,time_days,status,age_at_diagnosis_years,stage_group","Python csv parsing found 479 data rows and columns patient_id,sample_id,file_id,kras_expression_selected,kras_group,time_days,status,age_at_diagnosis_years,raw_stage,stage_group. All 479 sample_id values were nonempty and exactly 15 characters. NA-like counts were zero for each required complete field: kras_expression_selected, kras_group, time_days, status, age_at_diagnosis_years, and stage_group.",479 rows; all 10 required columns present; sample_id length distribution {15: 479}; zero empty or NA-like required analysis values.,"The CSV parses successfully and satisfies every stated schema, row-count, sample-ID-length, and completeness constraint.",
verifier_smoke,health_medicine__healthcare_tcga_luad_survival_kras,verifier,0,unverifiable,5d514a71d591914a246aa4c94b04cc43d38def54e16867ebbbcafcbfb84292bb,cohort.patient.deduplication,deterministic,True,pass,The final patient-level cohort must contain no more than one selected primary-tumor sample per patient.,input/task_spec.json $.sample_selection; input/task_description.txt patient-level cohort bullet,"""deduplication"": ""When a patient has multiple primary-tumor samples, keep only the one whose sample submitter_id is lexicographically smallest."" | ""build a KRAS-centered patient-level survival cohort""","The deduplication quotation was found in input/task_spec.json and the patient-level-cohort wording was found in input/task_description.txt. Parsing cohort.csv produced 479 nonempty patient_id values, 479 unique patient IDs, and no patient with an occurrence count other than one.",479 cohort rows and 479 unique nonempty patient_id values; duplicate patient list was empty.,Every patient_id occurs exactly once in the final cohort.,
verifier_smoke,health_medicine__healthcare_tcga_luad_survival_kras,verifier,0,unverifiable,5d514a71d591914a246aa4c94b04cc43d38def54e16867ebbbcafcbfb84292bb,cohort.median.stratification,deterministic,True,pass,"KRAS groups must be assigned from the cohort median, with expression values equal to the median assigned high.","public task prompt, What you need to do item 5",stratify patients into high/low KRAS groups using the cohort median; values greater than or equal to the median are high.,"The exact median-split rule is present in the supplied public task prompt. All 479 kras_expression_selected values parsed numerically. Their computed median was 28.1055. Labels were exclusively high (240 rows) or low (239 rows), and comparison against expression >= 28.1055 => high produced zero mismatches.",Median 28.1055; label counts high=240 and low=239; 0 of 479 assignments disagree with the inclusive-median rule.,"All expressions are numeric, labels are exclusively high or low, and every row agrees with the stated inclusive median rule.",
verifier_smoke,health_medicine__healthcare_tcga_luad_survival_kras,verifier,0,unverifiable,5d514a71d591914a246aa4c94b04cc43d38def54e16867ebbbcafcbfb84292bb,cox.json.schema,deterministic,True,pass,"cox_results.json must contain all required sections, summary fields, log-rank fields, and coefficient entries.","input/output_requirements.txt, section 3","Must include these top-level sections: cohort_summary, log_rank, cox_model, ph_test
- cohort_summary must contain: n_patients, n_events, n_kras_high, n_kras_low, median_kras_expression
- log_rank must contain: test_statistic (chi-squared value), p_value
- cox_model must contain a coefficients dict keyed by variable name:
keys: kras_group_high, age_at_diagnosis_years, stage_group_advanced
each value must contain: hazard_ratio, p_value, ci_lower_95, ci_upper_95","cox_results.json parsed successfully as JSON. Its top-level keys are cohort_summary, log_rank, cox_model, and ph_test. cohort_summary contains n_patients,n_events,n_kras_high,n_kras_low,median_kras_expression; log_rank contains test_statistic,p_value; cox_model.coefficients is an object containing kras_group_high, age_at_diagnosis_years, and stage_group_advanced, with hazard_ratio,p_value,ci_lower_95,ci_upper_95 under each.",All four sections and every required nested key are present in valid JSON.,The file is valid JSON and its object structure contains every required section and field.,
verifier_smoke,health_medicine__healthcare_tcga_luad_survival_kras,verifier,0,unverifiable,5d514a71d591914a246aa4c94b04cc43d38def54e16867ebbbcafcbfb84292bb,km.png.validity,deterministic,True,pass,"km_plot.png must be a valid, non-trivial PNG image.","input/output_requirements.txt, section 2",Valid non-trivial PNG,The quoted requirement 'Valid non-trivial PNG' was found in input/output_requirements.txt. km_plot.png starts with PNG signature 89504e470d0a1a0a. Pillow decoded it fully as an RGB PNG of 1350x900 pixels and found 1758 distinct RGBA colors; channel extrema were 0 to 255. The file utility independently identified it as a non-interlaced 8-bit/color RGB PNG.,Valid decoded 1350x900 PNG with 1758 colors and non-uniform pixel content.,The file decodes without error as a positive-dimensional PNG and contains non-uniform rendered image content.,
verifier_smoke,health_medicine__healthcare_tcga_luad_survival_kras,verifier,0,unverifiable,5d514a71d591914a246aa4c94b04cc43d38def54e16867ebbbcafcbfb84292bb,script.data.workflow,public_evidence,True,pass,"analysis.R must clearly encode acquisition of the specified TCGA-LUAD STAR-count data, selection of primary tumors, extraction of KRAS tpm_unstranded values, and lexicographically smallest sample selection per patient.","input/task_spec.json $.download, $.gene, $.sample_selection","""project"": ""TCGA-LUAD"", ""data_type"": ""Gene Expression Quantification"", ""workflow_type"": ""STAR - Counts"" | ""ensembl_id"": ""ENSG00000133703"", ""expression_metric"": ""tpm_unstranded"" | ""sample_type"": ""Primary Tumor"", ""deduplication"": ""When a patient has multiple primary-tumor samples, keep only the one whose sample submitter_id is lexicographically smallest.""","The cited project, workflow, gene, metric, sample type, and deduplication fields are present in input/task_spec.json. Executable analysis.R lines 18-24 query TCGA-LUAD Transcriptome Profiling/Gene Expression Quantification with workflow.type='STAR - Counts' and sample.type='Primary Tumor', then invoke GDCdownload and GDCprepare. Lines 25-33 require and extract assay 'tpm_unstranded' for ENSG00000133703. Lines 30-37 derive patient/sample IDs, order by patient_id then sample_id (with file_id only as a deterministic tie-break), and retain the first patient occurrence. Lines 39-54 acquire clinical data through GDCquery_clinic and derive clinical fields.","Executable TCGAbiolinks workflow includes LUAD STAR-count and clinical acquisition, Primary Tumor restriction, KRAS TPM extraction, and ordered per-patient selection.","The script has clear executable steps implementing every cited data-acquisition, expression-selection, sample-type, and deduplication requirement.",
verifier_smoke,health_medicine__healthcare_tcga_luad_survival_kras,verifier,0,unverifiable,5d514a71d591914a246aa4c94b04cc43d38def54e16867ebbbcafcbfb84292bb,script.survival.models,public_evidence,True,unverifiable,"analysis.R must encode overall-survival derivation, the specified stage grouping, Kaplan-Meier and log-rank analyses by KRAS group, the specified adjusted Cox model, and a proportional-hazards test.","input/task_spec.json $.outcome, $.stage_mapping, $.analysis","""time_field"": ""days_to_death or days_to_last_follow_up"", ""event_field"": ""vital_status (Dead=1, Alive=0)"" | ""formula"": ""Surv(time, status) ~ kras_group + age_at_diagnosis + stage_group"", ""ph_test"": ""cox.zph()""","Source mismatch: the registered source_quote contains the OS time/event rule, Cox formula, and cox.zph requirement, but it does not contain the early/advanced stage lists needed to directly support the criterion's requirement to verify the 'exact early/advanced stage lists.' Although $.stage_mapping in input/task_spec.json contains those lists and analysis.R was observed to encode them, the verifier instructions require source_quote itself to directly support the full stated requirement; therefore this criterion cannot be passed or failed from the registered quotation.",The registered source_quote omits the exact stage mappings that the criterion requires checking.,"A source_quote directly supporting OS derivation, the exact early/advanced stage lists, median grouping, Kaplan-Meier/log-rank/Cox analyses, and PH testing.",
verifier_smoke,health_medicine__healthcare_variant_annotation_pipeline,prep_verifier,0,pass,93080520e3155cc388d3466231a33e3beab8547caec1368d861db5db6380d0e8,outputs.annotated.structure,deterministic,True,pass,"annotated_variants.tsv must contain the 50 staged variants in input order, preserve their five input fields, use the required ten-column TSV header, and obey the specified missing-value and is_reportable encodings.","public task prompt, steps 2 and 5 and Output rules; input/source_manifest.json lines 8-11",Read the 50 staged variants in order. ... must use tab-separated columns with this exact header: `variant_id chrom pos ref alt gene consequence max_population_af clinvar_significance is_reportable` ... use `NA` ... and `not_reported` ... `is_reportable` must be `yes` or `no` (lowercase),"The quoted requirements are present in the public task prompt and directly specify order, schema, and encodings. Parsing input/variants_to_annotate.tsv and snapshot-0/annotated_variants.tsv as TSV produced: exact header ['variant_id','chrom','pos','ref','alt','gene','consequence','max_population_af','clinvar_significance','is_reportable']; input_rows=50; annotated_rows=50; staged_fields_mismatches=[]; bad_cells=[]; bad_af=[]; bad_clin=[]; bad_report=[].",Exact ten-column header; 50 ordered rows; all five staged fields match input one-to-one; no empty or '.' cells; every AF is numeric or NA; every reportability value is yes/no.,Exact schema and 50 ordered staged variants with allowed missing-value and reportability encodings.,
verifier_smoke,health_medicine__healthcare_variant_annotation_pipeline,prep_verifier,0,pass,93080520e3155cc388d3466231a33e3beab8547caec1368d861db5db6380d0e8,annotations.gene_consequence,public_evidence,True,pass,"For each sampled variant, gene and consequence must come from the highest-priority coding consequence on a protein-coding transcript, with canonical transcripts preferred when consequence priority ties.","input/source_manifest.json line 4, annotation_rule.gene_and_consequence","""gene_and_consequence"": ""Use the highest-priority coding consequence from a protein-coding transcript; prefer canonical transcripts when the consequence priority ties.""","input/source_manifest.json annotation_rule.gene_and_consequence exactly contains the quoted rule. Independent selection from public JSONL protein-coding transcript consequences found no mismatches. Sample traces: chr1_976215_A_G -> PERM1/missense_variant, ENST00000433179, canonical=1; chr1_1334174_T_C -> TAS1R3/missense_variant, ENST00000339381, canonical=1; chr1_1668373_C_T -> SLC35E2B/missense_variant, ENST00000617444, canonical=1; chr1_1014228_G_A -> ISG15/missense_variant, ENST00000649529, canonical=1; chr1_952421_A_G -> NOC2L/synonymous_variant, ENST00000327044, canonical=1. Each selected transcript has biotype=protein_coding and the stated consequence term.",All five fixed sampled rows match the independently selected gene and consequence; mismatch list is empty.,Every sampled gene/consequence agrees with the public transcript evidence and manifest rule.,
verifier_smoke,health_medicine__healthcare_variant_annotation_pipeline,prep_verifier,0,pass,93080520e3155cc388d3466231a33e3beab8547caec1368d861db5db6380d0e8,annotations.af_clinvar,deterministic,True,pass,"Each annotated row must contain the maximum submitted-ALT population frequency and the highest-priority submitted-ALT ClinVar label defined by the manifest, using the required missing encodings.","input/source_manifest.json lines 3 and 5, annotation_rule.clinvar_significance and annotation_rule.max_population_af; public task prompt, Output rules",pick the highest-priority label ... with priority pathogenic > likely_pathogenic > uncertain_significance > conflicting_classifications_of_pathogenicity > drug_response > risk_factor > association > likely_benign > benign. ... take the maximum numeric value across all available frequency sources ... use `NA` ... and `not_reported`,"input/source_manifest.json contains the quoted submitted-ALT maximum-frequency and exact ClinVar-priority rules. Across all 50 public JSONL records, independently computing the maximum numeric submitted-ALT frequency and selecting submitted-ALT ClinVar labels yielded AF_CLIN mismatches=[]. Numeric values were compared numerically; missing values were compared as NA/not_reported.",0 mismatches among 50 rows for max_population_af or clinvar_significance.,All 50 AF and ClinVar values equal deterministic values derived from the public snapshots and manifest.,
verifier_smoke,health_medicine__healthcare_variant_annotation_pipeline,prep_verifier,0,pass,93080520e3155cc388d3466231a33e3beab8547caec1368d861db5db6380d0e8,annotations.reportability,deterministic,True,pass,is_reportable must exactly implement the manifest consequence-or-ClinVar condition together with the missing-or-below-0.01 population-AF condition.,"input/source_manifest.json line 6, annotation_rule.reportable","Mark a variant reportable when the selected consequence is one of ['frameshift_variant', 'splice_acceptor_variant', 'splice_donor_variant', 'start_lost', 'stop_gained', 'stop_lost'] or the ClinVar label is pathogenic / likely_pathogenic, and the max population AF is missing or below 0.01.","input/source_manifest.json annotation_rule.reportable exactly contains the quoted Boolean rule. Independent evaluation for every row, using the six listed consequences or pathogenic/likely_pathogenic and requiring AF missing or strictly <0.01, produced REPORTABILITY mismatches=[] and yes_count=3.",All 50 yes/no values match independent evaluation; 3 rows evaluate to yes.,"yes exactly when the manifest Boolean condition is true, otherwise no.",
verifier_smoke,health_medicine__healthcare_variant_annotation_pipeline,prep_verifier,0,pass,93080520e3155cc388d3466231a33e3beab8547caec1368d861db5db6380d0e8,outputs.reportable.subset,deterministic,True,pass,reportable_variants.tsv must use the required header and contain exactly the reportable annotated rows; the public manifest specifies three reportable variants.,"public task prompt, Output rules; input/source_manifest.json lines 8-11, counts.reportable_variants","`reportable_variants.tsv` must contain only rows where `is_reportable=yes` ... ""reportable_variants"": 3","The public prompt directly says reportable_variants.tsv contains only is_reportable=yes rows, and input/source_manifest.json counts.reportable_variants is 3. Parsed reportable file has the exact required header, rows=3, and complete-row comparison against the ordered yes-filter of annotated_variants.tsv returned exact=True. IDs in order: chr1_1310876_CGGCTCTGGGTCACAGGT_C, chr1_1387763_CCT_C, chr1_1635982_G_GC.",Exact ordered yes-subset with 3 data rows.,Exact ordered reportable subset and exactly 3 rows.,
verifier_smoke,health_medicine__healthcare_variant_annotation_pipeline,prep_verifier,0,pass,93080520e3155cc388d3466231a33e3beab8547caec1368d861db5db6380d0e8,runlog.required_json,deterministic,True,pass,run_log.json must be valid UTF-8 JSON containing a non-empty status string and integer annotated_variants_written and reportable_variants_written values.,"public task prompt, Output rules, run_log.json clause","`run_log.json` must be valid UTF-8 JSON with at least these keys: `{""status"": ""<any non-empty string>"", ""annotated_variants_written"": <int>, ""reportable_variants_written"": <int>}`","The public task prompt directly contains the quoted run-log requirements. snapshot-0/run_log.json decoded as UTF-8 and parsed as {'status':'success','annotated_variants_written':50,'reportable_variants_written':3}; runtime types are str, int, and int respectively.",Valid UTF-8 JSON object; non-empty status='success'; integer counts 50 and 3.,Required keys with a non-empty string status and JSON integer written counts.,
verifier_smoke,health_medicine__healthcare_variant_annotation_pipeline,prep_verifier,0,pass,93080520e3155cc388d3466231a33e3beab8547caec1368d861db5db6380d0e8,pipeline.python_artifact,deterministic,True,pass,pipeline.py must be present as the solver-authored Python pipeline implementation.,"public task prompt, step 5 and Output rules, pipeline.py clause",`pipeline.py` should be your solver-authored pipeline implementation,"The public task prompt directly states that pipeline.py should be the solver-authored pipeline implementation. snapshot-0/pipeline.py is a regular non-empty 9,528-byte file, decoded successfully as UTF-8, and compile(source, path, 'exec') completed successfully without execution.","Non-empty UTF-8 Python source; 9,528 bytes; parser compilation succeeded.","Present, non-empty, UTF-8, syntactically valid Python pipeline implementation.",
